id,viral_load,virus,family,day
102Fx131M_I_1,0.733953599,I,102Fx131M,02/09/16
102Fx131M_O_1,-9.655988898,O,102Fx131M,24/08/16
102Fx131M_O_2,-9.740622754,O,102Fx131M,31/08/16
102Fx168M_M_1,-10.09041673,M,102Fx168M,25/08/16
102Fx168M_M_2,-9.024550184,M,102Fx168M,01/09/16
102Fx168M_O_1,-10.35852637,O,102Fx168M,24/08/16
102Fx168M_O_2,-10.63765482,O,102Fx168M,31/08/16
103Fx16M_M_1,-10.64854226,M,103Fx16M,16/08/16
103Fx16M_O_1,-9.644747239,O,103Fx16M,10/08/16
103Fx16M_O_2,-10.33325189,O,103Fx16M,17/08/16
103Fx174M_M_1,-10.60622,M,103Fx174M,13/09/16
104Fx16M_M_1,-10.72876684,M,104Fx16M,16/08/16
104Fx16M_M_1,-10.72876684,M,104Fx16M,16/08/16
104Fx16M_M_3,-10.62091518,M,104Fx16M,16/08/16
104Fx16M_O_1,-10.52416006,O,104Fx16M,10/08/16
104Fx16M_O_2,-8.518126926,O,104Fx16M,10/08/16
104Fx176M_O_1,-12.71333299,O,104Fx176M,07/09/16
104Fx176M_O_2,-11.07544603,O,104Fx176M,07/09/16
104Fx211M_I_1,0.36953064,I,104Fx211M,08/09/16
104Fx211M_I_2,0.071668726,I,104Fx211M,15/09/16
104Fx60M_M_1,-10.85013595,M,104Fx60M,16/08/16
104Fx60M_M_2,-8.103695926,M,104Fx60M,16/08/16
104Fx60M_O_1,-10.57107794,O,104Fx60M,10/08/16
104Fx60M_O_2,-9.714277317,O,104Fx60M,10/08/16
106Fx107M_M_2,-9.782403156,M,106Fx107M,13/09/16
106Fx122M_M_1,-11.11130963,M,106Fx122M,16/08/16
106Fx122M_M_2,-8.696765218,M,106Fx122M,25/08/16
106Fx123M_M_1,-10.23306615,M,106Fx123M,16/08/16
106Fx123M_O_1,-9.107283306,O,106Fx123M,10/08/16
106Fx123M_O_2,-10.12163708,O,106Fx123M,17/08/16
106Fx132M_I_1,0.215333224,I,106Fx132M,02/09/16
106Fx132M_M_1,-9.537964784,M,106Fx132M,16/08/16
106Fx132M_M_2,-9.310507627,M,106Fx132M,25/08/16
106Fx132M_O_1,-9.785554905,O,106Fx132M,24/08/16
106Fx132M_O_2,-10.48897671,O,106Fx132M,31/08/16
106Fx185M_O_1,-10.27856303,O,106Fx185M,07/09/16
106Fx185M_O_2,-12.60670538,O,106Fx185M,14/09/16
106Fx187M_M_1,-10.0571719,M,106Fx187M,06/09/16
106Fx31M_M_1,-10.62747031,M,106Fx31M,16/08/16
106Fx31M_M_2,-13.42622505,M,106Fx31M,25/08/16
106Fx31M_O_1,-9.538009877,O,106Fx31M,24/08/16
106Fx44M_I_1,-0.605704278,I,106Fx44M,09/08/16
106Fx44M_I_2,-0.546921063,I,106Fx44M,18/08/16
111Fx169M_I_1,0.529378371,I,111Fx169M,18/08/16
111Fx169M_I_2,-0.374562001,I,111Fx169M,23/08/16
111Fx169M_O_1,-11.27348392,O,111Fx169M,17/08/16
111Fx169M_O_2,-9.82622874,O,111Fx169M,24/08/16
112Fx193M_M_1,-9.777125835,M,112Fx193M,16/08/16
112Fx193M_O_1,-11.49438978,O,112Fx193M,10/08/16
112Fx193M_O_2,-9.744808381,O,112Fx193M,17/08/16
113Fx103M_I_1,-2.195883109,I,113Fx103M,18/08/16
113Fx103M_I_2,-1.094887068,I,113Fx103M,23/08/16
113Fx103M_M_1,-9.473145421,M,113Fx103M,11/08/16
113Fx103M_M_2,-12.15088913,M,113Fx103M,11/08/16
113Fx187M_O_1,-11.7452747,O,113Fx187M,07/09/16
113Fx187M_O_2,-10.92910424,O,113Fx187M,14/09/16
113Fx200M_M_1,-10.08725041,M,113Fx200M,16/08/16
113Fx200M_M_2,-10.32856308,M,113Fx200M,25/08/16
113Fx200M_O_1,-9.938727179,O,113Fx200M,24/08/16
113Fx221M_M_1,-9.340769312,M,113Fx221M,16/08/16
113Fx221M_M_2,-11.46217181,M,113Fx221M,25/08/16
113Fx221M_O_1,-10.28006068,O,113Fx221M,24/08/16
113Fx221M_O_2,-10.07966195,O,113Fx221M,31/08/16
113Fx239M_M_1,-9.775188307,M,113Fx239M,06/09/16
113Fx257M_M_1,-12.55141954,M,113Fx257M,13/09/16
113Fx32M_I_1,-0.954822467,I,113Fx32M,18/08/16
113Fx32M_I_1,-0.954822467,I,113Fx32M,23/08/16
113Fx32M_M_1,-7.444816703,M,113Fx32M,11/08/16
113Fx32M_M_2,-11.51603794,M,113Fx32M,16/08/16
113Fx48M_I_1,-1.363478772,I,113Fx48M,23/08/16
113Fx48M_I_1,-1.363478772,I,113Fx48M,18/08/16
113Fx48M_I_2,-0.585113079,I,113Fx48M,18/08/16
113Fx48M_M_1,-8.826351999,M,113Fx48M,11/08/16
113Fx48M_M_2,-8.875897804,M,113Fx48M,11/08/16
114Fx131M_O_1,-11.97231853,O,114Fx131M,07/09/16
114Fx131M_O_2,-11.97922654,O,114Fx131M,14/09/16
114Fx193M_O_1,-10.89974809,O,114Fx193M,10/08/16
114Fx193M_O_2,-11.66552359,O,114Fx193M,10/08/16
114Fx193M_O_2,-11.66552359,O,114Fx193M,17/08/16
114Fx195M_M_1,-11.1193812,M,114Fx195M,06/09/16
114Fx195M_M_2,-10.48456793,M,114Fx195M,06/09/16
114Fx27M_M_1,-12.96108943,M,114Fx27M,01/09/16
114Fx27M_M_2,-11.25549602,M,114Fx27M,01/09/16
114Fx27M_O_1,-11.70472045,O,114Fx27M,07/09/16
114Fx27M_O_2,-10.94506359,O,114Fx27M,14/09/16
115Fx7M_I_1,-1.102941678,I,115Fx7M,23/08/16
115Fx7M_I_2,-2.175951365,I,115Fx7M,02/09/16
115Fx7M_M_1,-9.794179396,M,115Fx7M,06/09/16
115Fx7M_O_1,-10.33338714,O,115Fx7M,24/08/16
115Fx7M_O_2,-11.05646484,O,115Fx7M,31/08/16
116Fx122M_M_1,-10.81204261,M,116Fx122M,16/08/16
116Fx122M_M_2,-12.19855491,M,116Fx122M,25/08/16
116Fx122M_O_1,-11.75784674,O,116Fx122M,17/08/16
116Fx166M_M_1,-9.890166255,M,116Fx166M,01/09/16
116Fx221M_O_1,-12.72928754,O,116Fx221M,10/08/16
116Fx221M_O_2,-10.67402922,O,116Fx221M,17/08/16
116Fx32M_I_1,0.653442689,I,116Fx32M,18/08/16
116Fx32M_M_1,-10.88015928,M,116Fx32M,11/08/16
116Fx32M_M_2,-9.881102956,M,116Fx32M,16/08/16
119Fx161M_M_1,-10.30504761,M,119Fx161M,13/09/16
119Fx161M_M_2,-8.801480608,M,119Fx161M,20/09/16
119Fx59M_I_1,-0.292277951,I,119Fx59M,18/08/16
119Fx59M_O_1,-9.727938456,O,119Fx59M,17/08/16
119Fx59M_O_2,-11.11506907,O,119Fx59M,24/08/16
11Fx116M_I_1,0.146649681,I,11Fx116M,18/08/16
11Fx116M_I_2,0.79987375,I,11Fx116M,23/08/16
11Fx116M_M_1,-10.22869166,M,11Fx116M,11/08/16
11Fx116M_M_2,-10.28879814,M,11Fx116M,16/08/16
11Fx119M_I_1,0.433707455,I,11Fx119M,18/08/16
11Fx119M_M_1,-10.04533566,M,11Fx119M,11/08/16
11Fx119M_M_2,-10.85676517,M,11Fx119M,16/08/16
11Fx127M_M_1,-8.586499683,M,11Fx127M,16/08/16
11Fx127M_M_2,-10.97743583,M,11Fx127M,25/08/16
11Fx185M_O_1,-10.20723607,O,11Fx185M,10/08/16
11Fx185M_O_2,-10.713171,O,11Fx185M,17/08/16
11Fx187M_M_1,-9.912922682,M,11Fx187M,16/08/16
11Fx187M_M_2,-11.26786063,M,11Fx187M,25/08/16
11Fx200M_M_1,-11.98297719,M,11Fx200M,16/08/16
11Fx200M_O_1,-11.39159594,O,11Fx200M,10/08/16
11Fx200M_O_2,-10.81121872,O,11Fx200M,17/08/16
11Fx211M_O_1,-11.40587543,O,11Fx211M,10/08/16
11Fx232M_M_1,-11.67739101,M,11Fx232M,25/08/16
11Fx232M_O_1,-11.75429233,O,11Fx232M,24/08/16
11Fx232M_O_2,-11.49374686,O,11Fx232M,07/09/16
11Fx234M_I_1,0.725378823,I,11Fx234M,08/09/16
11Fx27M_O_1,-10.87398742,O,11Fx27M,17/08/16
11Fx3M_M_1,-10.65791165,M,11Fx3M,11/08/16
11Fx3M_M_2,-10.48957491,M,11Fx3M,16/08/16
11Fx44M_I_1,-0.994586905,I,11Fx44M,09/08/16
11Fx44M_I_2,-0.423573751,I,11Fx44M,09/08/16
11Fx44M_O_1,-9.756215899,O,11Fx44M,17/08/16
11Fx46M_M_1,-9.870370898,M,11Fx46M,06/09/16
11Fx46M_M_2,-11.35430412,M,11Fx46M,13/09/16
11Fx48M_I_1,0.286838261,I,11Fx48M,18/08/16
11Fx48M_I_1,0.286838261,I,11Fx48M,23/08/16
11Fx48M_I_2,0.623134919,I,11Fx48M,18/08/16
11Fx48M_M_1,-10.87876675,M,11Fx48M,11/08/16
11Fx48M_M_2,-11.22682833,M,11Fx48M,11/08/16
11Fx70M_I_1,-0.415091294,I,11Fx70M,23/08/16
11Fx70M_M_1,-11.47674558,M,11Fx70M,11/08/16
11Fx70M_M_2,-10.30119376,M,11Fx70M,16/08/16
11Fx73M_I_1,-1.323523079,I,11Fx73M,02/09/16
11Fx73M_I_2,-2.197554035,I,11Fx73M,08/09/16
11Fx73M_M_1,-12.25749808,M,11Fx73M,01/09/16
11Fx73M_M_2,-11.25716855,M,11Fx73M,06/09/16
11Fx73M_O_1,-11.03251284,O,11Fx73M,14/09/16
11FxB10M_I_1,0.414678332,I,11FxB10M,02/09/16
11FxB10M_M_1,-10.04545905,M,11FxB10M,16/08/16
11FxB10M_M_2,-10.24068221,M,11FxB10M,25/08/16
11FxB10M_O_1,-9.760026563,O,11FxB10M,24/08/16
11FxB10M_O_2,-11.13755724,O,11FxB10M,31/08/16
121Fx70M_I_1,-0.523035284,I,121Fx70M,18/08/16
121Fx70M_M_1,-10.61345231,M,121Fx70M,11/08/16
121Fx70M_M_2,-9.335835319,M,121Fx70M,16/08/16
121Fx7M_I_1,-1.218297406,I,121Fx7M,02/09/16
121Fx7M_M_1,-11.11762379,M,121Fx7M,01/09/16
122Fx139M_I_1,0.917315227,I,122Fx139M,23/08/16
122Fx139M_M_1,-10.58337213,M,122Fx139M,25/08/16
122Fx16M_M_1,-9.306745911,M,122Fx16M,25/08/16
122Fx16M_M_2,-12.56357913,M,122Fx16M,01/09/16
122Fx16M_O_1,-11.66443233,O,122Fx16M,07/09/16
122Fx16M_O_1,-11.66443233,O,122Fx16M,31/08/16
122Fx195M_I_1,-0.215340379,I,122Fx195M,15/09/16
122Fx195M_M_1,-10.9498091,M,122Fx195M,06/09/16
122Fx195M_M_2,-9.759362193,M,122Fx195M,06/09/16
122Fx221M_M_1,-10.0115174,M,122Fx221M,16/08/16
122Fx221M_M_2,-10.40669742,M,122Fx221M,25/08/16
122Fx221M_O_1,-10.45468056,O,122Fx221M,17/08/16
122Fx60M_M_2,-9.774985534,M,122Fx60M,01/09/16
122Fx60M_O_1,-11.66520887,O,122Fx60M,07/09/16
122Fx60M_O_1,-11.66520887,O,122Fx60M,24/08/16
123Fx258M_M_1,-11.68879412,M,123Fx258M,25/08/16
123Fx258M_O_1,-11.88484638,O,123Fx258M,24/08/16
123Fx258M_O_2,-11.59329499,O,123Fx258M,07/09/16
123Fx51M_M_1,-10.2782413,M,123Fx51M,11/08/16
125Fx128M_O_1,-11.15893162,O,125Fx128M,07/09/16
125Fx128M_O_2,-12.02746354,O,125Fx128M,07/09/16
125Fx16M_I_1,-1.29531826,I,125Fx16M,02/09/16
125Fx16M_I_2,-0.934540098,I,125Fx16M,08/09/16
125Fx16M_O_1,-10.10330021,O,125Fx16M,24/08/16
125Fx16M_O_2,-11.35469193,O,125Fx16M,31/08/16
126Fx18M_M_1,-11.68299108,M,126Fx18M,25/08/16
126Fx18M_M_2,-12.30822674,M,126Fx18M,01/09/16
126Fx18M_O_1,-11.94889014,O,126Fx18M,24/08/16
127Fx128M_I_1,-0.446048287,I,127Fx128M,09/08/16
127Fx128M_I_2,-0.700867954,I,127Fx128M,18/08/16
127Fx193M_M_1,-7.900705745,M,127Fx193M,06/09/16
127Fx193M_M_2,-9.515157183,M,127Fx193M,13/09/16
127Fx70M_M_1,-10.39179905,M,127Fx70M,01/09/16
127Fx70M_M_2,-12.06738358,M,127Fx70M,01/09/16
127Fx70M_O_1,-11.09528905,O,127Fx70M,07/09/16
127Fx70M_O_2,-11.0824392,O,127Fx70M,14/09/16
128Fx123M_O_1,-13.12558387,O,128Fx123M,07/09/16
128Fx7M_I_1,0.338818072,I,128Fx7M,23/08/16
128Fx7M_I_2,-0.965656813,I,128Fx7M,02/09/16
128Fx7M_O_1,-10.07122218,O,128Fx7M,24/08/16
128Fx7M_O_2,-12.31248033,O,128Fx7M,31/08/16
128Fx8M_I_1,0.787836181,I,128Fx8M,18/08/16
128Fx8M_I_2,0.299402058,I,128Fx8M,23/08/16
128Fx8M_M_1,-10.50610599,M,128Fx8M,01/09/16
128Fx8M_O_1,-10.39586861,O,128Fx8M,17/08/16
128Fx8M_O_2,-9.456164038,O,128Fx8M,24/08/16
131Fx77M_M_2,-10.77797249,M,131Fx77M,01/09/16
132Fx125M_M_1,-10.50452319,M,132Fx125M,25/08/16
132Fx125M_O_1,-11.89979849,O,132Fx125M,17/08/16
132Fx126M_M_1,-12.15692692,M,132Fx126M,25/08/16
132Fx126M_M_2,-10.48270506,M,132Fx126M,25/08/16
132Fx126M_O_1,-10.96030344,O,132Fx126M,17/08/16
132Fx16M_I_1,-0.405046748,I,132Fx16M,02/09/16
132Fx16M_I_2,-0.376600741,I,132Fx16M,08/09/16
132Fx16M_M_1,-11.75422432,M,132Fx16M,13/09/16
132Fx16M_O_1,-11.43136737,O,132Fx16M,31/08/16
137Fx28M_I_1,0.527576706,I,137Fx28M,02/09/16
137Fx28M_I_2,0.572049007,I,137Fx28M,08/09/16
137Fx28M_M_1,-11.10728627,M,137Fx28M,13/09/16
137Fx28M_O_1,-11.04476846,O,137Fx28M,31/08/16
138Fx175M_M_1,-8.965005758,M,138Fx175M,01/09/16
138Fx175M_M_2,-10.3405494,M,138Fx175M,01/09/16
139Fx11M_I_1,1.138451747,I,139Fx11M,02/09/16
139Fx11M_I_2,0.122510615,I,139Fx11M,08/09/16
139Fx77M_M_1,-10.99617204,M,139Fx77M,25/08/16
139Fx77M_O_1,-12.40549813,O,139Fx77M,24/08/16
139Fx77M_O_2,-11.31556951,O,139Fx77M,31/08/16
140Fx151M_I_1,0.115755999,I,140Fx151M,09/08/16
140Fx151M_I_2,-0.056051819,I,140Fx151M,18/08/16
143Fx106M_I_1,-0.66932947,I,143Fx106M,02/09/16
143Fx106M_I_2,-0.348955387,I,143Fx106M,02/09/16
148Fx122M_I_1,0.05812952,I,148Fx122M,23/08/16
148Fx122M_I_2,0.552676517,I,148Fx122M,08/09/16
148Fx122M_O_1,-11.91546801,O,148Fx122M,24/08/16
148Fx122M_O_2,-10.81769285,O,148Fx122M,31/08/16
148Fx185M_I_1,0.552775908,I,148Fx185M,18/08/16
148Fx185M_I_2,1.052827054,I,148Fx185M,02/09/16
148Fx3M_O_1,-12.07769659,O,148Fx3M,14/09/16
151Fx141M_I_1,0.663308659,I,151Fx141M,02/09/16
151Fx141M_M_1,-10.72510315,M,151Fx141M,16/08/16
151Fx141M_M_2,-8.671879841,M,151Fx141M,25/08/16
151Fx141M_O_2,-10.52888833,O,151Fx141M,24/08/16
151Fx14M_O_1,-9.906307452,O,151Fx14M,17/08/16
151Fx150M_I_1,-0.267503204,I,151Fx150M,09/08/16
151Fx150M_I_2,-0.661610642,I,151Fx150M,18/08/16
151Fx187M_I_1,0.518184314,I,151Fx187M,18/08/16
151Fx187M_I_2,1.384067593,I,151Fx187M,02/09/16
151Fx77M_M_1,-11.21524078,M,151Fx77M,25/08/16
151Fx77M_M_2,-11.55330504,M,151Fx77M,01/09/16
153Fx103M_I_1,-0.041272248,I,153Fx103M,23/08/16
153Fx239M_I_1,0.447142493,I,153Fx239M,02/09/16
153Fx239M_M_1,-11.85359642,M,153Fx239M,01/09/16
153Fx44M_I_1,-0.31068113,I,153Fx44M,23/08/16
153Fx44M_I_2,-0.573170358,I,153Fx44M,02/09/16
155Fx16M_I_1,-2.905508295,I,155Fx16M,15/09/16
157Fx99M_I_1,-2.502475994,I,157Fx99M,23/08/16
158Fx11M_I_2,0.200124833,I,158Fx11M,02/09/16
158Fx151M_M_1,-10.91527945,M,158Fx151M,16/08/16
158Fx151M_M_2,-11.18826667,M,158Fx151M,25/08/16
158Fx151M_O_1,-10.98388059,O,158Fx151M,17/08/16
158Fx151M_O_2,-9.174781204,O,158Fx151M,24/08/16
158Fx155M_I_1,0.327309132,I,158Fx155M,02/09/16
158Fx155M_M_1,-8.490043117,M,158Fx155M,16/08/16
158Fx155M_M_2,-12.39271688,M,158Fx155M,25/08/16
158Fx155M_O_1,-12.17442329,O,158Fx155M,17/08/16
158Fx155M_O_2,-10.72049139,O,158Fx155M,24/08/16
158Fx228M_I_1,-0.697549447,I,158Fx228M,18/08/16
158Fx228M_I_2,-1.113749573,I,158Fx228M,18/08/16
158Fx228M_M_1,-10.87639404,M,158Fx228M,01/09/16
158Fx55M_M_1,-12.1532441,M,158Fx55M,13/09/16
158Fx55M_O_1,-11.04571339,O,158Fx55M,07/09/16
158Fx55M_O_2,-11.69006298,O,158Fx55M,07/09/16
158Fx60M_O_1,-11.56143915,O,158Fx60M,07/09/16
158Fx60M_O_2,-11.50069378,O,158Fx60M,14/09/16
158Fx7M_O_1,-11.19263521,O,158Fx7M,07/09/16
159Fx158M_I_1,-0.122925871,I,159Fx158M,09/08/16
159Fx158M_I_2,0.86966713,I,159Fx158M,09/08/16
159Fx158M_O_1,-10.88172875,O,159Fx158M,17/08/16
159Fx173M_M_1,-11.04221778,M,159Fx173M,01/09/16
159Fx173M_M_2,-11.02120488,M,159Fx173M,01/09/16
159Fx173M_O_1,-11.36701141,O,159Fx173M,31/08/16
161Fx159M_I_1,0.592704382,I,161Fx159M,09/08/16
161Fx159M_I_2,1.177989209,I,161Fx159M,18/08/16
161Fx193M_I_1,-0.083114978,I,161Fx193M,18/08/16
161Fx193M_O_1,-10.6526955,O,161Fx193M,17/08/16
161Fx48M_O_1,-12.68450043,O,161Fx48M,14/09/16
161Fx64M_O_1,-11.77801731,O,161Fx64M,14/09/16
161Fx7M_M_1,-11.92872355,M,161Fx7M,01/09/16
161Fx7M_M_2,-11.03921276,M,161Fx7M,06/09/16
165Fx16M_M_2,-10.37012817,M,165Fx16M,01/09/16
166Fx152M_M_1,-10.08006055,M,166Fx152M,06/09/16
168Fx221M_I_1,0.939606285,I,168Fx221M,18/08/16
168Fx221M_I_2,1.261309346,I,168Fx221M,18/08/16
168Fx221M_M_1,-12.22644998,M,168Fx221M,01/09/16
168Fx258M_I_1,-0.105515126,I,168Fx258M,18/08/16
168Fx258M_I_2,0.892912901,I,168Fx258M,18/08/16
168Fx258M_M_1,-11.49603507,M,168Fx258M,01/09/16
169Fx104M_M_1,-13.04730529,M,169Fx104M,13/09/16
169Fx104M_M_2,-6.865973131,M,169Fx104M,20/09/16
169Fx11M_I_1,-1.085335967,I,169Fx11M,23/08/16
169Fx11M_M_1,-9.32048837,M,169Fx11M,25/08/16
169Fx11M_M_1,-9.32048837,M,169Fx11M,01/09/16
169Fx11M_M_2,-10.92482425,M,169Fx11M,06/09/16
169Fx32M_M_1,-9.873181092,M,169Fx32M,25/08/16
169Fx32M_M_2,-6.817521974,M,169Fx32M,01/09/16
169Fx32M_O_1,-9.578632318,O,169Fx32M,24/08/16
169Fx32M_O_2,-9.889769494,O,169Fx32M,07/09/16
16Fx106M_I_1,-1.575751979,I,16Fx106M,23/08/16
16Fx106M_M_1,-11.22515069,M,16Fx106M,11/08/16
16Fx106M_M_2,-10.26375405,M,16Fx106M,16/08/16
16Fx112M_O_1,-11.40523634,O,16Fx112M,10/08/16
16Fx112M_O_2,-11.38873348,O,16Fx112M,17/08/16
16Fx114M_I_1,-2.352200274,I,16Fx114M,18/08/16
16Fx114M_I_2,-0.251534751,I,16Fx114M,18/08/16
16Fx141M_O_1,-12.78659092,O,16Fx141M,31/08/16
16Fx141M_O_2,-11.13626132,O,16Fx141M,07/09/16
16Fx161M_I_1,-1.465826593,I,16Fx161M,02/09/16
16Fx161M_I_2,-0.625147589,I,16Fx161M,15/09/16
16Fx161M_O_2,-9.85413431,O,16Fx161M,07/09/16
16Fx18M_I_1,-2.748930957,I,16Fx18M,02/09/16
16Fx18M_O_1,-9.682952719,O,16Fx18M,24/08/16
16Fx18M_O_2,-11.02462547,O,16Fx18M,31/08/16
16Fx32M_I_1,-6.581980642,I,16Fx32M,09/08/16
16Fx32M_I_2,-5.247907374,I,16Fx32M,09/08/16
16Fx32M_O_1,-10.72507287,O,16Fx32M,17/08/16
16Fx7M_M_1,-11.4734573,M,16Fx7M,13/09/16
16Fx7M_M_2,-9.172664978,M,16Fx7M,20/09/16
16Fx86M_I_1,-0.678911305,I,16Fx86M,08/09/16
171Fx93M_O_1,-10.21777715,O,171Fx93M,17/08/16
171Fx93M_O_2,-10.45441316,O,171Fx93M,24/08/16
172Fx86M_I_1,-0.607367834,I,172Fx86M,02/09/16
172Fx86M_O_1,-11.87128798,O,172Fx86M,31/08/16
172Fx86M_O_2,-12.36540852,O,172Fx86M,07/09/16
172Fx93M_O_1,-10.01359737,O,172Fx93M,14/09/16
173Fx155M_M_1,-10.40927014,M,173Fx155M,06/09/16
173Fx48M_I_1,0.294056529,I,173Fx48M,23/08/16
173Fx48M_M_1,-8.764363276,M,173Fx48M,25/08/16
174Fx20M_I_2,-0.342964548,I,174Fx20M,15/09/16
174Fx28M_I_1,0.569708899,I,174Fx28M,02/09/16
174Fx28M_O_1,-12.30060407,O,174Fx28M,31/08/16
174Fx28M_O_2,-11.69468863,O,174Fx28M,07/09/16
174Fx86M_M_1,-9.203690551,M,174Fx86M,13/09/16
174Fx86M_M_2,-7.138393652,M,174Fx86M,20/09/16
175Fx116M_M_1,-9.540386235,M,175Fx116M,16/08/16
175Fx116M_O_1,-11.92841714,O,175Fx116M,10/08/16
175Fx116M_O_2,-10.26865159,O,175Fx116M,17/08/16
175Fx151M_O_1,-11.86089344,O,175Fx151M,10/08/16
175Fx151M_O_2,-11.99779737,O,175Fx151M,17/08/16
175Fx184M_I_1,-0.316960993,I,175Fx184M,09/08/16
175Fx184M_I_2,0.301081354,I,175Fx184M,09/08/16
176Fx73M_O_1,-12.89193065,O,176Fx73M,14/09/16
178Fx121M_O_1,-12.08968291,O,178Fx121M,07/09/16
184Fx126M_I_1,1.549486471,I,184Fx126M,23/08/16
184Fx126M_M_1,-10.52061559,M,184Fx126M,25/08/16
184Fx157M_I_2,-0.047550702,I,184Fx157M,23/08/16
184Fx161M_M_1,-10.50205522,M,184Fx161M,06/09/16
184Fx161M_M_2,-11.51437868,M,184Fx161M,13/09/16
184Fx174M_I_1,-0.649676143,I,184Fx174M,09/08/16
184Fx174M_I_2,0.157622433,I,184Fx174M,09/08/16
184Fx190M_I_1,0.74736415,I,184Fx190M,18/08/16
184Fx190M_I_2,0.010936398,I,184Fx190M,18/08/16
184Fx190M_M_1,-10.00917686,M,184Fx190M,01/09/16
184Fx257M_O_1,-10.68017722,O,184Fx257M,17/08/16
184Fx257M_O_2,-11.67432692,O,184Fx257M,24/08/16
184Fx77M_I_1,0.261911833,I,184Fx77M,02/09/16
184Fx77M_O_1,-11.70254555,O,184Fx77M,31/08/16
184Fx77M_O_2,-11.66459279,O,184Fx77M,07/09/16
184Fx7M_O_1,-11.21866527,O,184Fx7M,31/08/16
184Fx7M_O_2,-10.99203143,O,184Fx7M,07/09/16
184Fx99M_I_1,0.843099596,I,184Fx99M,23/08/16
185Fx114M_M_1,-11.73181269,M,185Fx114M,13/09/16
185Fx141M_I_1,0.01822757,I,185Fx141M,02/09/16
185Fx141M_I_2,0.604529773,I,185Fx141M,08/09/16
185Fx141M_M_2,-13.17616819,M,185Fx141M,13/09/16
185Fx151M_M_1,-12.47512943,M,185Fx151M,01/09/16
185Fx153M_I_2,0.741630553,I,185Fx153M,23/08/16
185Fx158M_I_1,-0.080713064,I,185Fx158M,08/09/16
185Fx166M_I_1,0.920124622,I,185Fx166M,18/08/16
185Fx166M_M_1,-9.94393686,M,185Fx166M,11/08/16
185Fx166M_M_2,-10.48706585,M,185Fx166M,16/08/16
185Fx16M_M_1,-11.62233757,M,185Fx16M,25/08/16
185Fx16M_O_1,-9.833283829,O,185Fx16M,24/08/16
185Fx16M_O_2,-7.749583397,O,185Fx16M,31/08/16
185Fx200M_I_1,1.12872445,I,185Fx200M,15/09/16
185Fx234M_I_1,0.626166133,I,185Fx234M,18/08/16
185Fx234M_I_1,0.626166133,I,185Fx234M,23/08/16
185Fx234M_I_2,0.644360758,I,185Fx234M,23/08/16
185Fx234M_M_1,-10.73166315,M,185Fx234M,11/08/16
185Fx234M_M_2,-10.11951327,M,185Fx234M,16/08/16
185Fx239M_I_1,-0.108659508,I,185Fx239M,18/08/16
185Fx239M_M_1,-11.34592201,M,185Fx239M,11/08/16
185Fx239M_M_2,-10.66387438,M,185Fx239M,16/08/16
185Fx253M_I_1,0.811895127,I,185Fx253M,18/08/16
185Fx253M_M_1,-12.444088,M,185Fx253M,11/08/16
185Fx253M_M_2,-11.18506703,M,185Fx253M,16/08/16
185Fx254M_I_1,1.245311744,I,185Fx254M,09/08/16
185Fx254M_I_2,-0.320358142,I,185Fx254M,09/08/16
185Fx46M_M_1,-11.13319528,M,185Fx46M,01/09/16
185Fx46M_M_2,-9.868872795,M,185Fx46M,01/09/16
185Fx46M_O_1,-11.45772097,O,185Fx46M,07/09/16
185Fx51M_M_1,-12.70589419,M,185Fx51M,13/09/16
185Fx51M_M_2,-9.64349142,M,185Fx51M,20/09/16
185Fx60M_I_1,0.98005134,I,185Fx60M,23/08/16
185Fx60M_M_1,-10.96163491,M,185Fx60M,25/08/16
185Fx60M_M_2,-10.61783413,M,185Fx60M,06/09/16
186Fx1257M_I_1,-0.297636471,I,186Fx1257M,18/08/16
187Fx138M_I_2,0.116099437,I,187Fx138M,18/08/16
187Fx138M_M_1,-10.49462656,M,187Fx138M,01/09/16
187Fx158M_I_1,-2.642139033,I,187Fx158M,18/08/16
187Fx239M_I_1,-1.091790213,I,187Fx239M,09/08/16
187Fx70M_M_1,-11.417849,M,187Fx70M,01/09/16
187Fx70M_M_2,-10.91649894,M,187Fx70M,01/09/16
187Fx70M_O_1,-12.08164255,O,187Fx70M,07/09/16
187Fx70M_O_2,-9.018612085,O,187Fx70M,14/09/16
18Fx119M_I_1,-0.011857654,I,18Fx119M,23/08/16
18Fx119M_I_2,-0.442310238,I,18Fx119M,02/09/16
18Fx119M_O_1,-9.741978133,O,18Fx119M,24/08/16
18Fx119M_O_2,-10.81452975,O,18Fx119M,31/08/16
18Fx166M_M_1,-11.91585058,M,18Fx166M,16/08/16
18Fx166M_M_2,-8.065210042,M,18Fx166M,25/08/16
18Fx166M_O_1,-10.9654976,O,18Fx166M,17/08/16
190Fx127M_I_2,-2.036869243,I,190Fx127M,02/09/16
190Fx127M_M_1,-9.480741423,M,190Fx127M,06/09/16
190Fx127M_O_1,-10.19442069,O,190Fx127M,24/08/16
190Fx127M_O_2,-11.01763209,O,190Fx127M,31/08/16
190Fx128M_I_1,-1.08844281,I,190Fx128M,23/08/16
190Fx16M_M_1,-9.076246718,M,190Fx16M,16/08/16
190Fx16M_M_2,-11.77450763,M,190Fx16M,25/08/16
190Fx16M_O_1,-8.64756343,O,190Fx16M,24/08/16
190Fx16M_O_2,-9.544700365,O,190Fx16M,31/08/16
190Fx179M_I_1,-0.558112991,I,190Fx179M,18/08/16
190Fx179M_O_1,-11.49426162,O,190Fx179M,17/08/16
190Fx18M_M_1,-9.306341205,M,190Fx18M,16/08/16
190Fx18M_M_2,-10.53544482,M,190Fx18M,25/08/16
190Fx18M_O_1,-10.80123795,O,190Fx18M,24/08/16
190Fx70M_I_1,0.163569131,I,190Fx70M,23/08/16
190Fx77M_M_1,-9.24570309,M,190Fx77M,16/08/16
190Fx77M_M_2,-9.783517259,M,190Fx77M,25/08/16
191Fx171M_I_1,-0.474628637,I,191Fx171M,23/08/16
191Fx171M_M_1,-12.83912385,M,191Fx171M,11/08/16
191Fx171M_M_2,-9.693825579,M,191Fx171M,16/08/16
193Fx106M_M_1,-10.34917879,M,193Fx106M,16/08/16
193Fx106M_M_2,-9.864057442,M,193Fx106M,25/08/16
193Fx106M_O_1,-9.486206555,O,193Fx106M,17/08/16
193Fx106M_O_2,-10.00756482,O,193Fx106M,24/08/16
193Fx121M_I_1,-0.249443892,I,193Fx121M,08/09/16
193Fx121M_M_1,-11.55592207,M,193Fx121M,06/09/16
193Fx122M_I_1,0.169837073,I,193Fx122M,08/09/16
193Fx174M_I_1,1.267071724,I,193Fx174M,18/08/16
193Fx70M_I_1,-0.969807918,I,193Fx70M,08/09/16
193Fx8M_I_1,-0.43212959,I,193Fx8M,18/08/16
193Fx8M_I_2,0.60702932,I,193Fx8M,18/08/16
193Fx8M_M_1,-8.653525414,M,193Fx8M,01/09/16
195Fx221M_I_1,0.810540799,I,195Fx221M,09/08/16
195Fx221M_I_2,0.708334244,I,195Fx221M,09/08/16
195Fx221M_O_1,-9.907751241,O,195Fx221M,17/08/16
195Fx221M_O_2,-8.402601596,O,195Fx221M,17/08/16
195Fx228M_I_1,0.691201338,I,195Fx228M,09/08/16
195Fx228M_I_2,0.020572762,I,195Fx228M,18/08/16
19Fx191M_O_2,-9.476149805,O,19Fx191M,31/08/16
200Fx166M_I_1,1.221073779,I,200Fx166M,02/09/16
200Fx166M_M_1,-13.02691326,M,200Fx166M,01/09/16
200Fx44M_I_1,0.108117581,I,200Fx44M,15/09/16
200Fx93M_M_1,-9.615409388,M,200Fx93M,16/08/16
211Fx139M_O_2,-10.55668242,O,211Fx139M,24/08/16
211Fx165M_I_1,0.197558398,I,211Fx165M,18/08/16
211Fx165M_I_2,0.716325379,I,211Fx165M,23/08/16
211Fx165M_M_1,-10.25991114,M,211Fx165M,11/08/16
211Fx165M_M_2,-9.780834492,M,211Fx165M,16/08/16
211Fx16M_I_1,-0.383851371,I,211Fx16M,08/09/16
211Fx16M_I_2,0.483728103,I,211Fx16M,15/09/16
211Fx171M_M_1,-8.387366923,M,211Fx171M,11/08/16
211Fx3M_M_1,-11.2652112,M,211Fx3M,01/09/16
211Fx3M_M_2,-11.49351501,M,211Fx3M,01/09/16
221Fx139M_I_1,-0.457485568,I,221Fx139M,18/08/16
221Fx139M_O_1,-10.94260334,O,221Fx139M,17/08/16
221Fx141M_I_2,0.338916629,I,221Fx141M,23/08/16
221Fx141M_M_1,-11.15035211,M,221Fx141M,01/09/16
221Fx141M_O_1,-9.860762686,O,221Fx141M,17/08/16
221Fx141M_O_2,-10.68031264,O,221Fx141M,24/08/16
221Fx14M_I_1,0.406684145,I,221Fx14M,18/08/16
221Fx153M_I_1,0.710032056,I,221Fx153M,18/08/16
221Fx153M_I_2,0.77325877,I,221Fx153M,02/09/16
221Fx190M_I_1,0.30169949,I,221Fx190M,15/09/16
221Fx232M_I_1,-0.662511169,I,221Fx232M,18/08/16
221Fx232M_I_2,-1.482792083,I,221Fx232M,23/08/16
221Fx232M_O_1,-9.548138891,O,221Fx232M,17/08/16
221Fx232M_O_2,-11.81783422,O,221Fx232M,24/08/16
221Fx28M_I_2,1.091983029,I,221Fx28M,02/09/16
221Fx51M_M_1,-11.72667856,M,221Fx51M,01/09/16
221Fx51M_M_2,-11.83688513,M,221Fx51M,01/09/16
221Fx51M_O_1,-11.99983613,O,221Fx51M,07/09/16
221Fx51M_O_2,-10.12808084,O,221Fx51M,14/09/16
228Fx93M_O_1,-11.09688619,O,228Fx93M,17/08/16
228Fx93M_O_2,-11.70952325,O,228Fx93M,24/08/16
232Fx127M_I_1,-0.006570548,I,232Fx127M,08/09/16
232Fx127M_I_2,0.262038478,I,232Fx127M,15/09/16
232Fx150M_M_1,-7.916390835,M,232Fx150M,11/08/16
232Fx15M_I_1,0.786200051,I,232Fx15M,18/08/16
232Fx15M_I_2,0.71741977,I,232Fx15M,23/08/16
232Fx15M_M_2,-11.05886551,M,232Fx15M,16/08/16
232Fx179M_I_1,-0.093321112,I,232Fx179M,18/08/16
232Fx179M_I_2,-1.320051094,I,232Fx179M,18/08/16
232Fx179M_M_1,-11.80383896,M,232Fx179M,01/09/16
232Fx59M_M_1,-10.73729565,M,232Fx59M,16/08/16
232Fx59M_M_2,-9.164597655,M,232Fx59M,25/08/16
232Fx59M_O_1,-10.3077902,O,232Fx59M,24/08/16
232Fx59M_O_2,-10.5061945,O,232Fx59M,31/08/16
234Fx185M_I_1,-0.236194991,I,234Fx185M,09/08/16
239Fx112M_M_1,-11.78371232,M,239Fx112M,06/09/16
239Fx12M_O_1,-10.51518453,O,239Fx12M,24/08/16
239Fx151M_I_1,-0.79964826,I,239Fx151M,09/08/16
239Fx151M_I_2,-0.379754021,I,239Fx151M,09/08/16
239Fx151M_M_1,-8.615238938,M,239Fx151M,16/08/16
239Fx151M_M_2,-10.9004703,M,239Fx151M,25/08/16
239Fx151M_O_1,-10.03311154,O,239Fx151M,24/08/16
239Fx151M_O_2,-9.859092811,O,239Fx151M,31/08/16
239Fx258M_I_1,-1.820812723,I,239Fx258M,09/08/16
239Fx258M_I_2,-0.853857901,I,239Fx258M,09/08/16
239Fx46M_M_1,-9.699006481,M,239Fx46M,01/09/16
239Fx46M_M_2,-9.016303142,M,239Fx46M,01/09/16
254Fx148M_I_1,1.565530114,I,254Fx148M,18/08/16
254Fx148M_I_2,0.926813989,I,254Fx148M,18/08/16
254Fx148M_M_1,-11.28628549,M,254Fx148M,01/09/16
254Fx59M_M_1,-11.16128558,M,254Fx59M,16/08/16
254Fx59M_M_2,-10.46500081,M,254Fx59M,25/08/16
254Fx59M_O_1,-10.32634906,O,254Fx59M,17/08/16
254Fx59M_O_2,-9.599082818,O,254Fx59M,24/08/16
257Fx114M_M_1,-10.49582013,M,257Fx114M,13/09/16
257Fx44M_M_1,-12.4328394,M,257Fx44M,16/08/16
257Fx99M_I_1,-1.316867094,I,257Fx99M,02/09/16
257Fx99M_O_1,-9.317391577,O,257Fx99M,17/08/16
257Fx99M_O_2,-11.22004773,O,257Fx99M,24/08/16
258Fx138M_I_1,0.868484581,I,258Fx138M,18/08/16
258Fx161M_M_1,-11.00624329,M,258Fx161M,16/08/16
258Fx18M_I_1,-3.636508811,I,258Fx18M,02/09/16
258Fx18M_O_1,-11.29854224,O,258Fx18M,31/08/16
258Fx44M_I_1,-1.116765793,I,258Fx44M,18/08/16
258Fx44M_O_1,-10.88560087,O,258Fx44M,17/08/16
258Fx44M_O_2,-10.06256565,O,258Fx44M,24/08/16
261Fx111M_M_1,-10.32749411,M,261Fx111M,01/09/16
261Fx151M_O_1,-11.73071172,O,261Fx151M,10/08/16
261Fx151M_O_2,-11.95449408,O,261Fx151M,17/08/16
261Fx44M_M_1,-10.24752668,M,261Fx44M,25/08/16
261Fx44M_M_2,-10.95478639,M,261Fx44M,01/09/16
261Fx44M_O_2,-9.334505896,O,261Fx44M,31/08/16
269Fx11M_M_2,-10.62702871,M,269Fx11M,01/09/16
26Fx44M_O_1,-11.2828203,O,26Fx44M,24/08/16
279Fx121M_M_1,-12.72229707,M,279Fx121M,01/09/16
27Fx139M_O_1,-12.21177824,O,27Fx139M,14/09/16
27Fx173M_O_1,-10.88759458,O,27Fx173M,14/09/16
27Fx221M_I_1,0.428548256,I,27Fx221M,23/08/16
27Fx221M_I_2,0.040810394,I,27Fx221M,02/09/16
28Fx106M_M_1,-10.74821192,M,28Fx106M,16/08/16
28Fx106M_O_1,-12.95096758,O,28Fx106M,10/08/16
28Fx106M_O_2,-11.24493505,O,28Fx106M,17/08/16
28Fx123M_O_1,-12.07988923,O,28Fx123M,31/08/16
28Fx123M_O_2,-11.4199192,O,28Fx123M,07/09/16
28Fx195M_I_1,-0.317274622,I,28Fx195M,23/08/16
28Fx195M_M_1,-12.06426902,M,28Fx195M,25/08/16
28Fx195M_M_1,-12.06426902,M,28Fx195M,01/09/16
28Fx195M_M_2,-11.55347057,M,28Fx195M,01/09/16
28Fx195M_M_2,-11.55347057,M,28Fx195M,06/09/16
28Fx46M_I_1,-0.382938386,I,28Fx46M,09/08/16
28Fx46M_I_2,-0.159366481,I,28Fx46M,09/08/16
28Fx70M_I_1,0.978340769,I,28Fx70M,02/09/16
28Fx70M_M_1,-11.71201427,M,28Fx70M,01/09/16
32Fx106M_I_1,-0.082283766,I,32Fx106M,23/08/16
32Fx106M_M_1,-6.831338101,M,32Fx106M,11/08/16
32Fx106M_M_2,-9.605927788,M,32Fx106M,16/08/16
32Fx106M_M_2,-9.605927788,M,32Fx106M,11/08/16
32Fx178M_I_1,0.870098118,I,32Fx178M,02/09/16
32Fx178M_I_2,0.226630696,I,32Fx178M,15/09/16
32Fx178M_O_1,-12.44736808,O,32Fx178M,31/08/16
32Fx178M_O_2,-9.705234134,O,32Fx178M,07/09/16
32Fx98M_M_1,-12.20462266,M,32Fx98M,13/09/16
3Fx116M_M_1,-6.557857346,M,3Fx116M,11/08/16
3Fx116M_M_2,-11.13968983,M,3Fx116M,16/08/16
3Fx123M_I_1,0.494601069,I,3Fx123M,23/08/16
3Fx123M_I_2,0.916883813,I,3Fx123M,02/09/16
3Fx123M_M_1,-10.22817296,M,3Fx123M,06/09/16
3Fx123M_O_1,-9.520787901,O,3Fx123M,24/08/16
3Fx123M_O_2,-10.14738083,O,3Fx123M,31/08/16
3Fx141M_O_1,-12.00674409,O,3Fx141M,31/08/16
3Fx141M_O_2,-12.26156732,O,3Fx141M,07/09/16
3Fx191M_O_1,-11.69488261,O,3Fx191M,24/08/16
3Fx191M_O_2,-12.75502929,O,3Fx191M,31/08/16
3Fx232M_I_1,-3.157011273,I,3Fx232M,23/08/16
44Fx115M_I_1,-0.849920786,I,44Fx115M,09/08/16
44Fx115M_I_2,0.815845026,I,44Fx115M,09/08/16
44Fx115M_M_1,-11.40655801,M,44Fx115M,11/08/16
44Fx115M_O_1,-10.59750721,O,44Fx115M,17/08/16
44Fx116M_M_1,-10.95153949,M,44Fx116M,11/08/16
44Fx116M_M_2,-11.31123438,M,44Fx116M,11/08/16
44Fx116M_M_2,-11.31123438,M,44Fx116M,16/08/16
44Fx11M_I_1,-0.999275009,I,44Fx11M,09/08/16
44Fx11M_I_2,-0.719712823,I,44Fx11M,18/08/16
44Fx131M_I_1,-0.6825075,I,44Fx131M,23/08/16
44Fx131M_I_2,-0.156356073,I,44Fx131M,02/09/16
44Fx131M_M_1,-9.890349645,M,44Fx131M,06/09/16
44Fx131M_O_1,-9.873508431,O,44Fx131M,24/08/16
44Fx131M_O_2,-9.922118547,O,44Fx131M,31/08/16
44Fx166M_I_2,0.145661583,I,44Fx166M,02/09/16
44Fx184M_I_1,-0.266369224,I,44Fx184M,09/08/16
44Fx184M_I_2,-0.592873066,I,44Fx184M,09/08/16
44Fx184M_O_1,-10.07904834,O,44Fx184M,17/08/16
44Fx228M_I_1,-0.458066926,I,44Fx228M,23/08/16
44Fx228M_M_1,-9.273805894,M,44Fx228M,25/08/16
44Fx228M_M_2,-9.898163465,M,44Fx228M,06/09/16
44Fx28M_M_1,-10.46046057,M,44Fx28M,16/08/16
44Fx28M_M_2,-9.797255703,M,44Fx28M,16/08/16
44Fx28M_O_1,-7.719004448,O,44Fx28M,10/08/16
44Fx7M_I_1,0.075433648,I,44Fx7M,02/09/16
44Fx7M_M_2,-9.615099018,M,44Fx7M,25/08/16
44Fx7M_O_1,-9.130697522,O,44Fx7M,24/08/16
46Fx257M_M_1,-9.588829607,M,46Fx257M,01/09/16
46Fx77M_I_1,-5.781826529,I,46Fx77M,09/08/16
46Fx77M_I_2,-7.240011836,I,46Fx77M,09/08/16
46Fx77M_O_1,-8.878331845,O,46Fx77M,17/08/16
48Fx114M_I_1,0.231514626,I,48Fx114M,18/08/16
48Fx114M_I_2,0.575434017,I,48Fx114M,23/08/16
48Fx114M_M_1,-10.39310183,M,48Fx114M,11/08/16
48Fx115M_M_1,-11.36488825,M,48Fx115M,11/08/16
48Fx115M_M_2,-11.80965413,M,48Fx115M,16/08/16
48Fx122M_I_1,0.660159877,I,48Fx122M,18/08/16
48Fx122M_I_2,-0.143851584,I,48Fx122M,23/08/16
48Fx122M_M_1,-11.8015165,M,48Fx122M,11/08/16
48Fx128M_O_1,-11.77152078,O,48Fx128M,10/08/16
48Fx155M_I_1,-0.497118613,I,48Fx155M,23/08/16
51Fx11M_I_1,-1.570591519,I,51Fx11M,08/09/16
51Fx11M_M_1,-9.672910779,M,51Fx11M,06/09/16
51Fx11M_M_2,-11.47890414,M,51Fx11M,13/09/16
55Fx123M_M_1,-10.81791347,M,55Fx123M,11/08/16
55Fx123M_M_2,-9.316288618,M,55Fx123M,16/08/16
59Fx122M_O_1,-11.52223227,O,59Fx122M,07/09/16
59Fx122M_O_2,-11.7947508,O,59Fx122M,14/09/16
59Fx132M_M_1,-12.81493715,M,59Fx132M,06/09/16
59Fx138M_M_1,-10.14237163,M,59Fx138M,06/09/16
59Fx190M_M_1,-10.26870749,M,59Fx190M,16/08/16
59Fx190M_M_2,-11.05082592,M,59Fx190M,25/08/16
59Fx190M_O_1,-9.599289163,O,59Fx190M,24/08/16
59Fx200M_I_1,0.288151446,I,59Fx200M,08/09/16
59Fx73M_M_1,-9.873159248,M,59Fx73M,16/08/16
59Fx73M_O_1,-10.26814785,O,59Fx73M,10/08/16
59Fx73M_O_2,-10.74120722,O,59Fx73M,17/08/16
60Fx151M_M_1,-9.545140741,M,60Fx151M,25/08/16
60Fx195M_O_1,-11.34726964,O,60Fx195M,24/08/16
60Fx211M_M_1,-9.797981583,M,60Fx211M,01/09/16
60Fx211M_M_2,-11.72273267,M,60Fx211M,13/09/16
60Fx221M_M_1,-12.32329705,M,60Fx221M,01/09/16
60Fx221M_M_2,-11.49103159,M,60Fx221M,01/09/16
64Fx127M_O_1,-11.24008206,O,64Fx127M,07/09/16
64Fx127M_O_2,-10.73203762,O,64Fx127M,14/09/16
64Fx128M_I_1,-0.349327723,I,64Fx128M,02/09/16
64Fx128M_I_2,-0.409451864,I,64Fx128M,08/09/16
64Fx128M_M_1,-10.82898751,M,64Fx128M,06/09/16
64Fx128M_O_1,-9.148997623,O,64Fx128M,24/08/16
64Fx128M_O_2,-9.653464727,O,64Fx128M,31/08/16
64Fx131M_M_1,-10.88101936,M,64Fx131M,16/08/16
64Fx131M_M_2,-11.3131503,M,64Fx131M,16/08/16
64Fx131M_M_3,-10.60297281,M,64Fx131M,16/08/16
64Fx131M_O_1,-9.139684026,O,64Fx131M,10/08/16
64Fx131M_O_2,-10.62180002,O,64Fx131M,10/08/16
64Fx239M_I_1,-0.465536411,I,64Fx239M,15/09/16
64Fx27M_M_2,-9.006917986,M,64Fx27M,25/08/16
64Fx44M_I_1,-0.437712031,I,64Fx44M,09/08/16
64Fx44M_I_2,-2.862067586,I,64Fx44M,18/08/16
66Fx221M_O_1,-10.09830612,O,66Fx221M,14/09/16
6Fx11M_M_1,-10.89159068,M,6Fx11M,16/08/16
6Fx11M_M_2,-8.855030372,M,6Fx11M,16/08/16
6Fx11M_O_1,-12.61526875,O,6Fx11M,10/08/16
6Fx11M_O_2,-11.48045792,O,6Fx11M,10/08/16
6Fx184M_M_1,-10.62109679,M,6Fx184M,13/09/16
6Fx184M_M_2,-6.581117363,M,6Fx184M,20/09/16
6Fx234M_M_1,-10.68060714,M,6Fx234M,13/09/16
70Fx103M_M_1,-9.261886563,M,70Fx103M,11/08/16
70Fx111M_I_1,0.308048362,I,70Fx111M,18/08/16
70Fx111M_M_1,-8.572726153,M,70Fx111M,11/08/16
70Fx111M_M_2,-11.87950178,M,70Fx111M,16/08/16
70Fx113M_I_1,-0.069963184,I,70Fx113M,08/09/16
70Fx139M_I_1,-0.949245217,I,70Fx139M,23/08/16
70Fx148M_I_1,-1.055526022,I,70Fx148M,18/08/16
70Fx148M_I_1,-1.055526022,I,70Fx148M,23/08/16
70Fx148M_I_2,-0.147964421,I,70Fx148M,02/09/16
70Fx148M_O_2,-10.89939163,O,70Fx148M,24/08/16
70Fx153M_O_2,-12.67431661,O,70Fx153M,24/08/16
70Fx168M_O_1,-12.22568505,O,70Fx168M,07/09/16
70Fx168M_O_2,-11.2941333,O,70Fx168M,14/09/16
70Fx172M_I_1,-0.787451951,I,70Fx172M,02/09/16
70Fx172M_I_2,-0.452718176,I,70Fx172M,15/09/16
70Fx172M_O_1,-11.15434082,O,70Fx172M,31/08/16
70Fx172M_O_2,-11.19591062,O,70Fx172M,07/09/16
70Fx174M_O_1,-11.03958346,O,70Fx174M,31/08/16
70Fx185M_M_1,-11.24675468,M,70Fx185M,16/08/16
70Fx185M_M_2,-11.46716121,M,70Fx185M,25/08/16
70Fx239M_M_1,-11.66907777,M,70Fx239M,25/08/16
70Fx239M_M_2,-10.59827122,M,70Fx239M,06/09/16
70Fx44M_I_1,-0.277645576,I,70Fx44M,02/09/16
70Fx44M_I_2,-0.342313786,I,70Fx44M,08/09/16
70Fx44M_M_1,-8.916590342,M,70Fx44M,01/09/16
70Fx44M_M_2,-12.23316906,M,70Fx44M,13/09/16
70Fx6M_M_1,-11.83095529,M,70Fx6M,16/08/16
70Fx6M_O_1,-11.62518737,O,70Fx6M,10/08/16
70Fx6M_O_1,-11.62518737,O,70Fx6M,10/08/16
73Fx161M_M_1,-10.30670276,M,73Fx161M,01/09/16
73Fx161M_M_2,-10.14687652,M,73Fx161M,06/09/16
73Fx161M_O_1,-10.00725538,O,73Fx161M,14/09/16
73Fx184M_I_1,0.803784746,I,73Fx184M,09/08/16
73Fx184M_I_2,1.221506044,I,73Fx184M,09/08/16
73Fx184M_O_1,-11.46323097,O,73Fx184M,17/08/16
73Fx70M_I_1,-1.043185982,I,73Fx70M,09/08/16
73Fx70M_I_2,0.594443336,I,73Fx70M,09/08/16
73Fx70M_O_1,-10.85081301,O,73Fx70M,17/08/16
73Fx70M_O_2,-10.37889344,O,73Fx70M,17/08/16
73Fx82M_M_1,-11.29011305,M,73Fx82M,16/08/16
73Fx82M_O_1,-10.72122228,O,73Fx82M,10/08/16
73Fx82M_O_2,-12.11712589,O,73Fx82M,10/08/16
77Fx106M_M_1,-11.98670669,M,77Fx106M,16/08/16
77Fx106M_M_1,-11.98670669,M,77Fx106M,16/08/16
77Fx106M_M_2,-9.947296084,M,77Fx106M,16/08/16
77Fx106M_O_1,-11.45959466,O,77Fx106M,10/08/16
77Fx106M_O_2,-10.33907313,O,77Fx106M,10/08/16
77Fx128M_I_1,-1.42558131,I,77Fx128M,18/08/16
77Fx128M_M_1,-10.07998794,M,77Fx128M,11/08/16
77Fx128M_M_2,-9.74819249,M,77Fx128M,11/08/16
77Fx168M_I_1,0.492273922,I,77Fx168M,02/09/16
77Fx168M_I_2,-0.164329672,I,77Fx168M,15/09/16
77Fx168M_O_1,-11.20976349,O,77Fx168M,31/08/16
77Fx168M_O_2,-12.5396788,O,77Fx168M,07/09/16
77Fx16M_I_1,-3.206060251,I,77Fx16M,09/08/16
77Fx16M_I_2,-2.621198042,I,77Fx16M,09/08/16
77Fx16M_O_1,-11.09972742,O,77Fx16M,17/08/16
77Fx221M_I_1,1.049785256,I,77Fx221M,08/09/16
77Fx221M_I_1,1.049785256,I,77Fx221M,15/09/16
77Fx232M_I_1,-2.46628079,I,77Fx232M,02/09/16
77Fx232M_I_2,-0.0780969,I,77Fx232M,15/09/16
77Fx232M_O_1,-11.82326565,O,77Fx232M,31/08/16
77Fx232M_O_2,-11.02258266,O,77Fx232M,07/09/16
77Fx32M_I_1,0.108559764,I,77Fx32M,09/08/16
77Fx32M_I_2,0.116909771,I,77Fx32M,09/08/16
77Fx7M_I_1,-0.267415259,I,77Fx7M,08/09/16
77Fx7M_I_2,-0.681203007,I,77Fx7M,15/09/16
77Fx82M_I_1,-1.243165355,I,77Fx82M,09/08/16
77Fx82M_I_2,-0.070866462,I,77Fx82M,09/08/16
77Fx82M_O_1,-11.64227608,O,77Fx82M,17/08/16
77Fx82M_O_2,-14.23219523,O,77Fx82M,17/08/16
77FxB10M_O_1,-11.52073762,O,77FxB10M,07/09/16
77FxB10M_O_2,-10.03241086,O,77FxB10M,14/09/16
7Fx193M_I_1,0.369321092,I,7Fx193M,23/08/16
7Fx221M_M_1,-10.39062349,M,7Fx221M,01/09/16
7Fx221M_M_2,-11.18223453,M,7Fx221M,01/09/16
7Fx221M_O_1,-11.60807255,O,7Fx221M,14/09/16
7Fx59M_M_1,-10.62275214,M,7Fx59M,11/08/16
7Fx59M_M_2,-8.877096752,M,7Fx59M,16/08/16
80Fx148M_O_1,-11.61853556,O,80Fx148M,17/08/16
80Fx153M_O_1,-11.85606839,O,80Fx153M,17/08/16
82Fx11M_M_1,-9.443164001,M,82Fx11M,16/08/16
82Fx11M_O_1,-12.63192302,O,82Fx11M,10/08/16
82Fx11M_O_2,-11.03227103,O,82Fx11M,17/08/16
82Fx16M_O_1,-9.896362868,O,82Fx16M,10/08/16
82Fx229M_I_1,-0.993392413,I,82Fx229M,08/09/16
82Fx46M_O_2,-11.9214021,O,82Fx46M,17/08/16
82Fx6M_O_1,-9.453958895,O,82Fx6M,10/08/16
82Fx6M_O_2,-12.56542484,O,82Fx6M,17/08/16
86Fx106M_I_1,0.602808222,I,86Fx106M,09/08/16
86Fx106M_I_2,0.892317089,I,86Fx106M,09/08/16
86Fx106M_O_1,-11.31105841,O,86Fx106M,17/08/16
86Fx106M_O_2,-11.5995279,O,86Fx106M,17/08/16
86Fx119M_I_1,0.291673706,I,86Fx119M,02/09/16
86Fx119M_I_2,0.367952685,I,86Fx119M,15/09/16
86Fx119M_O_1,-11.90275715,O,86Fx119M,31/08/16
86Fx119M_O_2,-10.48133499,O,86Fx119M,07/09/16
86Fx132M_M_1,-9.999571388,M,86Fx132M,13/09/16
86Fx132M_M_2,-7.262672465,M,86Fx132M,20/09/16
86Fx185M_I_1,1.059368549,I,86Fx185M,02/09/16
86Fx185M_I_2,-0.231602587,I,86Fx185M,08/09/16
86Fx185M_M_1,-11.46441106,M,86Fx185M,13/09/16
86Fx73M_M_1,-10.36786259,M,86Fx73M,16/08/16
86Fx73M_M_2,-11.10195322,M,86Fx73M,16/08/16
86Fx73M_O_1,-9.174416187,O,86Fx73M,10/08/16
86Fx73M_O_2,-9.709305474,O,86Fx73M,17/08/16
8Fx165M_M_1,-10.25745052,M,8Fx165M,25/08/16
8Fx165M_O_1,-9.572527907,O,8Fx165M,24/08/16
8Fx185M_M_1,-10.42847574,M,8Fx185M,13/09/16
93Fx11M_O_1,-10.84217278,O,93Fx11M,10/08/16
93Fx11M_O_2,-10.85365292,O,93Fx11M,17/08/16
93Fx131M_I_1,-0.160543747,I,93Fx131M,02/09/16
93Fx131M_I_2,-1.513976631,I,93Fx131M,08/09/16
93Fx131M_M_1,-10.97950152,M,93Fx131M,01/09/16
93Fx131M_M_2,-10.6678863,M,93Fx131M,13/09/16
93Fx168M_I_1,0.160636445,I,93Fx168M,02/09/16
93Fx168M_I_2,-0.511478906,I,93Fx168M,08/09/16
93Fx168M_M_1,-9.097856457,M,93Fx168M,01/09/16
93Fx168M_M_2,-12.81166147,M,93Fx168M,13/09/16
93Fx184M_M_1,-10.92696465,M,93Fx184M,25/08/16
93Fx184M_M_2,-9.603611448,M,93Fx184M,01/09/16
93Fx256M_O_1,-11.76781059,O,93Fx256M,07/09/16
93Fx73M_M_1,-9.953588769,M,93Fx73M,25/08/16
93Fx73M_M_2,-10.53947122,M,93Fx73M,25/08/16
93Fx73M_O_1,-10.90498678,O,93Fx73M,17/08/16
99Fx119M_I_1,0.071438901,I,99Fx119M,18/08/16
99Fx159M_M_1,-11.09244771,M,99Fx159M,25/08/16
99Fx159M_M_2,-10.55008654,M,99Fx159M,06/09/16
99Fx181M_M_1,-10.99812388,M,99Fx181M,06/09/16
99Fx191M_I_1,0.275492043,I,99Fx191M,23/08/16
99Fx191M_I_2,-0.64548652,I,99Fx191M,02/09/16
99Fx191M_O_1,-10.10588697,O,99Fx191M,24/08/16
B10Fx141M_I_1,-0.965282257,I,B10Fx141M,02/09/16
B10Fx141M_I_2,-0.282425671,I,B10Fx141M,08/09/16
B10Fx141M_M_2,-10.12704401,M,B10Fx141M,06/09/16
B10Fx141M_O_1,-10.48218679,O,B10Fx141M,14/09/16
B10Fx151M_M_1,-11.49468181,M,B10Fx151M,01/09/16
B10Fx193M_M_1,-10.20955848,M,B10Fx193M,13/09/16
B10Fx60M_I_1,0.126597874,I,B10Fx60M,02/09/16
B10Fx60M_I_2,-0.224155453,I,B10Fx60M,08/09/16
B10Fx60M_M_1,-10.87592758,M,B10Fx60M,13/09/16
