id,viral_load,virus,day,chkov_sum,ref2p_sum,family
A10_1_4_O,-9.20034515,O,28,3,0,A10_1
A10_1_5_O,-6.47151868,O,29,3,0,A10_1
A10_1_4_A,-4.97929192,A,28,3,0,A10_1
A10_1_5_M,-10.25044623,M,29,3,0,A10_1
A10_1_1_A,-6.31046908,A,25,3,0,A10_1
A10_10_5_O,-6.62311792,O,29,0,0,A10_10
A10_10_4_A,-5.42479192,A,28,0,0,A10_10
A10_10_5_M,-4.63727575,M,29,0,0,A10_10
A10_10_1_A,-4.80101489,A,25,0,0,A10_10
A10_10_4_O,-8.27291792,O,28,0,0,A10_10
A10_10_1_M,-6.04121489,M,25,0,0,A10_10
A10_14_4_O,-9.48739515,O,28,1,0,A10_14
A10_14_1_M,-6.32483388,M,25,1,0,A10_14
A10_14_5_O,-6.97536868,O,29,1,0,A10_14
A10_14_4_A,-5.17645274,A,28,1,0,A10_14
A10_14_5_M,-4.24954623,M,29,1,0,A10_14
A10_14_1_A,-3.78881908,A,25,1,0,A10_14
A10_18_1_M,-8.35955441,M,25,1,0,A10_18
A10_18_4_O,-8.49601484,O,28,1,0,A10_18
A10_18_5_O,-9.0619198,O,29,1,0,A10_18
A10_18_5_M,-7.32587575,M,29,1,0,A10_18
A10_18_1_A,-4.97698388,A,25,1,0,A10_18
A10_18_4_A,-5.49469192,A,28,1,0,A10_18
A10_25_4_A,-4.42294192,A,28,0,0,A10_25
A10_25_5_M,-6.49647575,M,29,0,0,A10_25
A10_25_1_A,-4.90149988,A,25,0,0,A10_25
A10_25_4_O,-8.27451484,O,28,0,0,A10_25
A10_25_1_M,-6.57595689,M,25,0,0,A10_25
A10_25_5_O,-7.16686792,O,29,0,0,A10_25
A10_5_1_M,-7.72730441,M,25,1,0,A10_5
A10_5_4_A,-5.83652176,A,28,1,0,A10_5
A10_5_1_A,-5.57314988,A,25,1,0,A10_5
A10_5_4_O,-7.92421484,O,28,1,0,A10_5
A10_5_5_O,-8.11541868,O,29,1,0,A10_5
A10_5_5_M,-8.87362759,M,29,1,0,A10_5
A10_7_4_A,-5.99579192,A,28,0,0,A10_7
A10_7_5_O,-8.32716792,O,29,0,0,A10_7
A10_7_1_A,-6.01711908,A,25,0,0,A10_7
A10_7_1_M,-7.28953388,M,25,0,0,A10_7
A10_7_5_M,-7.23559623,M,29,0,0,A10_7
A10_7_4_O,-9.45819515,O,28,0,0,A10_7
A10_9_1_A,-5.88014988,A,25,2,0,A10_9
A10_9_4_A,-5.70945274,A,28,2,0,A10_9
A10_9_1_M,-9.06565441,M,25,2,0,A10_9
A10_9_4_O,-7.97281792,O,28,2,0,A10_9
A10_9_5_O,-8.2348698,O,29,2,0,A10_9
A10_9_5_M,-7.76272759,M,29,2,0,A10_9
A11_1_2_A,-5.14652494,A,29,1,0,A11_1
A11_1_1_M,-7.15945046,M,28,1,0,A11_1
A11_1_2_O,-7.23844326,O,29,1,0,A11_1
A11_1_1_A,-5.08244487,A,28,1,0,A11_1
A11_1_3_M,-6.74793689,M,30,1,0,A11_1
A11_1_3_O,-7.18665496,O,30,1,0,A11_1
A11_11_2_A,-6.03562029,A,29,1,0,A11_11
A11_11_2_O,-7.09686792,O,29,1,0,A11_11
A11_11_3_O,-7.17907948,O,30,1,0,A11_11
A11_11_3_M,-5.47040799,M,30,1,0,A11_11
A11_11_1_A,-4.76234487,A,28,1,0,A11_11
A11_11_1_M,-6.89175496,M,28,1,0,A11_11
A11_15_3_M,-5.14990799,M,30,3,0,A11_15
A11_15_2_O,-7.56828286,O,29,3,0,A11_15
A11_15_2_A,-6.97702494,A,29,3,0,A11_15
A11_15_1_A,-5.57198192,A,28,3,0,A11_15
A11_15_1_M,-7.65365496,M,28,3,0,A11_15
A11_15_3_O,-7.81197948,O,30,3,0,A11_15
A11_2_1_M,-6.51755046,M,28,1,0,A11_2
A11_2_3_O,-6.55001195,O,30,1,0,A11_2
A11_2_2_A,-5.78743286,A,29,1,0,A11_2
A11_2_3_M,-6.66465235,M,30,1,0,A11_2
A11_2_1_A,-7.14073192,A,28,1,0,A11_2
A11_2_2_O,-7.72551792,O,29,1,0,A11_2
A11_22_3_M,-5.52793689,M,30,0,0,A11_22
A11_22_1_M,-7.78907494,M,28,0,0,A11_22
A11_22_2_A,-6.54853286,A,29,0,0,A11_22
A11_22_1_A,-6.87168192,A,28,0,0,A11_22
A11_22_2_O,-6.76996792,O,29,0,0,A11_22
A11_22_3_O,-6.08931195,O,30,0,0,A11_22
A11_23_2_O,-6.08223286,O,29,1,0,A11_23
A11_23_3_M,-5.08285235,M,30,1,0,A11_23
A11_23_1_M,-5.66722494,M,28,1,0,A11_23
A11_23_1_A,-4.71532759,A,28,1,0,A11_23
A11_23_3_O,-7.12371195,O,30,1,0,A11_23
A11_23_2_A,-4.79742029,A,29,1,0,A11_23
A11_24_3_M,-4.10185799,M,30,0,0,A11_24
A11_24_1_M,-5.39715046,M,28,0,0,A11_24
A11_24_2_O,-6.90205279,O,29,0,0,A11_24
A11_24_2_A,-5.04445279,A,29,0,0,A11_24
A11_24_1_A,-5.08127759,A,28,0,0,A11_24
A11_24_3_O,-6.29081195,O,30,0,0,A11_24
A11_3_1_M,-7.03375046,M,28,1,0,A11_3
A11_3_3_M,-5.30227948,M,30,1,0,A11_3
A11_3_1_A,-5.52938192,A,28,1,0,A11_3
A11_3_2_A,-5.58448149,A,29,1,0,A11_3
A11_3_3_O,-4.81150496,O,30,1,0,A11_3
A11_3_2_O,-7.19845279,O,29,1,0,A11_3
A11_5_3_O,-6.72205496,O,30,1,0,A11_5
A11_5_1_M,-6.98525496,M,28,1,0,A11_5
A11_5_2_O,-8.05126792,O,29,1,0,A11_5
A11_5_2_A,-5.97482029,A,29,1,0,A11_5
A11_5_1_A,-4.93834487,A,28,1,0,A11_5
A11_5_3_M,-5.55362948,M,30,1,0,A11_5
A11_6_2_A,-5.67783286,A,29,1,0,A11_6
A11_6_1_A,-4.80734487,A,28,1,0,A11_6
A11_6_1_M,-6.07017494,M,28,1,0,A11_6
A11_6_2_O,-7.76146792,O,29,1,0,A11_6
A12_1_2_O,-8.11286527,O,32,0,0,A12_1
A12_1_2_A,-6.24801527,A,32,0,0,A12_1
A12_1_5_M,-5.55326212,M,35,0,0,A12_1
A12_1_4_M,-5.03910945,M,34,0,0,A12_1
A12_1_4_A,-5.87107654,A,34,0,0,A12_1
A12_1_5_A,-6.2371735,A,35,0,0,A12_1
A12_1_1_A,-6.55175467,A,31,0,0,A12_1
A12_1_3_O,-8.84073393,O,33,0,0,A12_1
A12_1_3_M,-5.87521325,M,33,0,0,A12_1
A12_1_1_M,-6.076686,M,31,0,0,A12_1
A12_11_1_M,-5.5988732,M,31,0,0,A12_11
A12_11_3_O,-8.05141457,O,33,0,0,A12_11
A12_11_2_O,-6.58219821,O,32,0,0,A12_11
A12_11_2_A,-5.87479235,A,32,0,0,A12_11
A12_11_1_A,-5.97883578,A,31,0,0,A12_11
A12_11_3_M,-6.33189131,M,33,0,0,A12_11
A12_12_3_M,-5.61807824,M,33,0,1,A12_12
A12_12_3_O,-6.52767618,O,33,0,1,A12_12
A12_12_2_A,-5.66888033,A,32,0,1,A12_12
A12_12_1_A,-6.4595732,A,31,0,1,A12_12
A12_12_1_M,-5.23526683,M,31,0,1,A12_12
A12_12_2_O,-8.39317618,O,32,0,1,A12_12
A12_14_3_O,-6.09668393,O,33,1,0,A12_14
A12_14_2_A,-4.22669235,A,32,1,0,A12_14
A12_14_2_O,-6.63697618,O,32,1,0,A12_14
A12_14_1_M,-6.29191683,M,31,1,0,A12_14
A12_14_3_M,-5.53372824,M,33,1,0,A12_14
A12_14_1_A,-7.1740732,A,31,1,0,A12_14
A12_15_1_M,-7.17721683,M,31,0,0,A12_15
A12_15_4_M,-6.27865945,M,34,0,0,A12_15
A12_15_5_M,-6.53566212,M,35,0,0,A12_15
A12_15_2_A,-6.11744235,A,32,0,0,A12_15
A12_15_4_A,-4.75852654,A,34,0,0,A12_15
A12_15_3_O,-10.98651457,O,33,0,0,A12_15
A12_15_3_M,-6.04801325,M,33,0,0,A12_15
A12_15_1_A,-6.41988578,A,31,0,0,A12_15
A12_15_5_A,-4.7440235,A,35,0,0,A12_15
A12_15_2_O,-8.09852618,O,32,0,0,A12_15
A12_16_2_O,-7.50864821,O,32,0,0,A12_16
A12_16_5_M,-6.67886022,M,35,0,0,A12_16
A12_16_3_M,-7.00837824,M,33,0,0,A12_16
A12_16_1_A,-6.43670467,A,31,0,0,A12_16
A12_16_2_A,-4.12644235,A,32,0,0,A12_16
A12_16_1_M,-6.97076683,M,31,0,0,A12_16
A12_16_4_A,-4.17422003,A,34,0,0,A12_16
A12_16_4_M,-5.75730945,M,34,0,0,A12_16
A12_16_3_O,-7.28226457,O,33,0,0,A12_16
A12_16_5_A,-4.7448735,A,35,0,0,A12_16
A12_25_1_A,-6.28335467,A,31,1,0,A12_25
A12_25_2_O,-6.65481527,O,32,1,0,A12_25
A12_25_2_A,-5.33773033,A,32,1,0,A12_25
A12_25_3_O,-9.02401457,O,33,1,0,A12_25
A12_25_1_M,-8.819586,M,31,1,0,A12_25
A12_25_3_M,-6.22204131,M,33,1,0,A12_25
A12_4_2_A,-5.75828033,A,32,2,0,A12_4
A12_4_5_M,-6.96066212,M,35,2,0,A12_4
A12_4_2_O,-7.05211527,O,32,2,0,A12_4
A12_4_4_A,-5.82915945,A,34,2,0,A12_4
A12_4_4_M,-5.80200945,M,34,2,0,A12_4
A12_4_3_M,-5.14644131,M,33,2,0,A12_4
A12_4_1_M,-6.448886,M,31,2,0,A12_4
A12_4_5_A,-5.7436735,A,35,2,0,A12_4
A12_4_3_O,-8.24648393,O,33,2,0,A12_4
A12_4_1_A,-6.48345467,A,31,2,0,A12_4
A12_7_5_A,-5.92281834,A,35,1,0,A12_7
A12_7_3_O,-7.76656457,O,33,1,0,A12_7
A12_7_4_M,-4.59435596,M,34,1,0,A12_7
A12_7_1_A,-5.61903578,A,31,1,0,A12_7
A12_7_1_M,-5.91996683,M,31,1,0,A12_7
A12_7_5_M,-6.43616022,M,35,1,0,A12_7
A12_7_4_A,-5.54115945,A,34,1,0,A12_7
A12_7_2_A,-5.55644235,A,32,1,0,A12_7
A12_7_2_O,-5.43634821,O,32,1,0,A12_7
A12_7_3_M,-5.36329131,M,33,1,0,A12_7
A13_11_5_O,-5.09547489,O,38,1,0,A13_11
A13_11_5_M,-6.66106021,M,38,1,0,A13_11
A13_11_2_A,-7.32401212,A,35,1,0,A13_11
A13_11_1_M,-5.58433224,M,34,1,0,A13_11
A13_11_2_M,-5.84426022,M,35,1,0,A13_11
A13_11_1_A,-5.68647003,A,34,1,0,A13_11
A13_14_5_O,-9.34401491,O,38,1,0,A13_14
A13_14_5_M,-2.87727347,M,38,1,0,A13_14
A13_14_2_A,-5.6416735,A,35,1,0,A13_14
A13_14_1_A,-7.21265596,A,34,1,0,A13_14
A13_14_2_M,-5.74536834,M,35,1,0,A13_14
A13_14_1_M,-4.99820945,M,34,1,0,A13_14
A13_17_1_A,-4.99362654,A,34,0,0,A13_17
A13_17_1_M,-5.25083224,M,34,0,0,A13_17
A13_17_2_M,-6.05895039,M,35,0,0,A13_17
A13_17_2_A,-6.05936212,A,35,0,0,A13_17
A13_18_1_M,-6.14099579,M,34,1,0,A13_18
A13_18_5_O,-9.61771491,O,38,1,0,A13_18
A13_18_2_M,-7.00186834,M,35,1,0,A13_18
A13_18_1_A,-6.89525596,A,34,1,0,A13_18
A13_18_5_M,-4.87067347,M,38,1,0,A13_18
A13_18_2_A,-7.20825039,A,35,1,0,A13_18
A13_19_2_A,-5.5856735,A,35,0,0,A13_19
A13_19_5_O,-9.17366491,O,38,0,0,A13_19
A13_19_1_A,-5.31437654,A,34,0,0,A13_19
A13_19_1_M,-4.70453224,M,34,0,0,A13_19
A13_19_2_M,-5.31266022,M,35,0,0,A13_19
A13_19_5_M,-5.59322347,M,38,0,0,A13_19
A13_7_2_M,-5.70801022,M,35,1,0,A13_7
A13_7_5_O,-3.72699432,O,38,1,0,A13_7
A13_7_1_M,-4.63449579,M,34,1,0,A13_7
A13_7_1_A,-5.55740596,A,34,1,0,A13_7
A13_7_2_A,-6.09701212,A,35,1,0,A13_7
A13_9_2_A,-4.44894767,A,35,1,0,A13_9
A13_9_2_M,-5.07041834,M,35,1,0,A13_9
A13_9_5_O,-6.03039432,O,38,1,0,A13_9
A13_9_1_M,-4.19874579,M,34,1,0,A13_9
A13_9_1_A,-4.94162003,A,34,1,0,A13_9
A14_1_2_O,-7.59299151,O,38,1,0,A14_1
A14_1_3_O,-8.54159944,O,39,1,0,A14_1
A14_1_4_A,-6.48065497,A,40,1,0,A14_1
A14_1_2_A,-4.09038655,A,38,1,0,A14_1
A14_1_1_A,-6.76842874,A,37,1,0,A14_1
A14_1_4_M,-4.57464777,M,40,1,0,A14_1
A14_1_3_M,-4.74900377,M,39,1,0,A14_1
A14_1_1_M,-5.73036752,M,37,1,0,A14_1
A14_17_2_A,-4.91731661,A,38,1,0,A14_17
A14_17_2_O,-6.01110689,O,38,1,0,A14_17
A14_17_3_O,-7.9824253,O,39,1,0,A14_17
A14_17_1_M,-6.70030046,M,37,1,0,A14_17
A14_17_3_M,-4.34555377,M,39,1,0,A14_17
A14_17_1_A,-5.40292874,A,37,1,0,A14_17
A14_18_3_O,-6.8262253,O,39,2,1,A14_18
A14_18_1_A,-6.95582874,A,37,2,1,A14_18
A14_18_2_O,-7.66479151,O,38,2,1,A14_18
A14_18_2_A,-5.4145882,A,38,2,1,A14_18
A14_18_1_M,-4.4268671,M,37,2,1,A14_18
A14_18_3_M,-4.60696432,M,39,2,1,A14_18
A14_2_4_A,-5.27695688,A,40,0,0,A14_2
A14_20_3_M,-4.15180377,M,39,0,0,A14_20
A14_20_1_A,-7.08010299,A,37,0,0,A14_20
A14_20_1_M,-6.53955046,M,37,0,0,A14_20
A14_20_3_O,-7.47339944,O,39,0,0,A14_20
A14_20_2_O,-8.01270689,O,38,0,0,A14_20
A14_20_2_A,-6.38186661,A,38,0,0,A14_20
A14_21_2_O,-9.22420689,O,38,1,0,A14_21
A14_21_1_A,-6.2743171,A,37,1,0,A14_21
A14_21_1_M,-7.56176752,M,37,1,0,A14_21
A14_21_2_A,-5.8839882,A,38,1,0,A14_21
A14_21_3_O,-8.1721253,O,39,1,0,A14_21
A14_24_1_A,-4.8158671,A,37,1,0,A14_24
A14_24_3_O,-7.92816432,O,39,1,0,A14_24
A14_24_1_M,-7.06510046,M,37,1,0,A14_24
A14_24_2_A,-6.71943655,A,38,1,0,A14_24
A14_24_3_M,-4.4788382,M,39,1,0,A14_24
A14_24_2_O,-8.81730689,O,38,1,0,A14_24
A14_5_2_A,-5.09883655,A,38,0,0,A14_5
A14_5_1_A,-5.79612874,A,37,0,0,A14_5
A14_5_4_M,-4.65944777,M,40,0,0,A14_5
A14_5_2_O,-7.4665728,O,38,0,0,A14_5
A14_5_3_M,-5.24880377,M,39,0,0,A14_5
A14_5_1_M,-5.3798671,M,37,0,0,A14_5
A14_5_3_O,-9.00094944,O,39,0,0,A14_5
A14_5_4_A,-6.02045497,A,40,0,0,A14_5
A14_6_2_A,-6.47976661,A,38,1,0,A14_6
A14_6_2_O,-10.5626728,O,38,1,0,A14_6
A14_6_3_M,-5.14420377,M,39,1,0,A14_6
A14_6_1_M,-7.51215046,M,37,1,0,A14_6
A14_6_1_A,-5.56000299,A,37,1,0,A14_6
A14_6_4_A,-5.62295497,A,40,1,0,A14_6
A14_6_4_M,-7.36519777,M,40,1,0,A14_6
A14_6_3_O,-9.40259944,O,39,1,0,A14_6
A2_11_4_O,-7.67548367,O,5,0,0,A2_11
A2_11_1_O,-7.2012485,O,2,0,0,A2_11
A2_11_3_M,-7.04201128,M,4,0,0,A2_11
A2_11_1_A,-5.68761863,A,2,0,0,A2_11
A2_11_4_A,-5.59505467,A,5,0,0,A2_11
A2_11_2_M,-5.91228092,M,3,0,0,A2_11
A2_11_3_A,-7.28276453,A,4,0,0,A2_11
A2_11_2_O,-8.6944826,O,3,0,0,A2_11
A2_12_3_M,-8.37675337,M,4,1,0,A2_12
A2_12_4_O,-7.46895795,O,5,1,0,A2_12
A2_12_2_O,-8.89019573,O,3,1,0,A2_12
A2_12_3_A,-6.86191453,A,4,1,0,A2_12
A2_12_1_O,-6.46027618,O,2,1,0,A2_12
A2_12_4_A,-6.53110795,A,5,1,0,A2_12
A2_12_1_A,-5.63314405,A,2,1,0,A2_12
A2_12_2_M,-4.92768092,M,3,1,0,A2_12
A2_14_3_M,-5.92330337,M,4,2,0,A2_14
A2_14_2_M,-7.85253092,M,3,2,0,A2_14
A2_14_1_A,-4.24759405,A,2,2,0,A2_14
A2_14_3_A,-5.3032151,A,4,2,0,A2_14
A2_14_2_O,-7.66274611,O,3,2,0,A2_14
A2_14_1_O,-7.4499485,O,2,2,0,A2_14
A2_15_1_A,-5.01809405,A,2,1,0,A2_15
A2_15_2_O,-8.77244573,O,3,1,0,A2_15
A2_15_3_A,-5.87832421,A,4,1,0,A2_15
A2_15_1_O,-9.74156254,O,2,1,0,A2_15
A2_15_2_M,-5.52853238,M,3,1,0,A2_15
A2_15_3_M,-8.93566128,M,4,1,0,A2_15
A2_16_3_A,-6.72292184,A,4,0,0,A2_16
A2_16_2_O,-8.88819573,O,3,0,0,A2_16
A2_16_4_O,-7.16793367,O,5,0,0,A2_16
A2_16_4_A,-5.15810467,A,5,0,0,A2_16
A2_16_1_O,-7.45302618,O,2,0,0,A2_16
A2_16_3_M,-5.42422421,M,4,0,0,A2_16
A2_16_1_A,-4.86887745,A,2,0,0,A2_16
A2_21_2_O,-9.33754573,O,3,3,0,A2_21
A2_21_2_M,-5.77002745,M,3,3,0,A2_21
A2_21_3_M,-7.10692421,M,4,3,0,A2_21
A2_21_3_A,-5.28322184,A,4,3,0,A2_21
A2_21_1_O,-8.27401254,O,2,3,0,A2_21
A2_21_1_A,-5.12134405,A,2,3,0,A2_21
A2_23_2_O,-7.57424573,O,3,0,0,A2_23
A2_23_3_A,-5.78551453,A,4,0,0,A2_23
A2_23_3_M,-8.52931128,M,4,0,0,A2_23
A2_23_1_A,-4.24226863,A,2,0,0,A2_23
A2_23_2_M,-5.96374611,M,3,0,0,A2_23
A2_23_1_O,-6.87537618,O,2,0,0,A2_23
A2_24_1_A,-4.03132745,A,2,2,0,A2_24
A2_24_3_A,-5.0962651,A,4,2,0,A2_24
A2_24_2_M,-6.96923092,M,3,2,0,A2_24
A2_24_2_O,-7.8780326,O,3,2,0,A2_24
A2_24_3_M,-5.2890151,M,4,2,0,A2_24
A2_24_1_O,-6.00566254,O,2,2,0,A2_24
A2_3_3_M,-5.04830337,M,4,0,0,A2_3
A2_3_4_A,-3.93080795,A,5,0,0,A2_3
A2_3_1_O,-6.86892618,O,2,0,0,A2_3
A2_3_1_A,-4.75341863,A,2,0,0,A2_3
A2_3_4_O,-6.32792184,O,5,0,0,A2_3
A2_3_2_O,-7.6776326,O,3,0,0,A2_3
A2_3_2_M,-6.31688092,M,3,0,0,A2_3
A2_3_3_A,-5.73697184,A,4,0,0,A2_3
A2_7_4_A,-5.62185467,A,5,0,0,A2_7
A2_7_4_O,-8.57030795,O,5,0,0,A2_7
A2_7_2_O,-9.36459573,O,3,0,0,A2_7
A2_7_3_A,-6.70921453,A,4,0,0,A2_7
A2_7_2_M,-5.78992745,M,3,0,0,A2_7
A2_7_1_A,-4.51809405,A,2,0,0,A2_7
A2_7_1_O,-6.91757618,O,2,0,0,A2_7
A2_7_3_M,-5.4920651,M,4,0,0,A2_7
A3_1_2_O,-7.85514544,O,5,1,0,A3_1
A3_1_2_A,-5.03112184,A,5,1,0,A3_1
A3_1_5_O,-6.45921697,O,8,1,0,A3_1
A3_1_5_M,-8.35846314,M,8,1,0,A3_1
A3_1_1_M,-6.30775337,M,4,1,0,A3_1
A3_1_1_A,-6.10026453,A,4,1,0,A3_1
A3_10_5_O,-6.68741697,O,8,1,0,A3_10
A3_10_2_A,-4.90217421,A,5,1,0,A3_10
A3_10_5_M,-6.32335502,M,8,1,0,A3_10
A3_10_1_A,-4.54247184,A,4,1,0,A3_10
A3_10_2_O,-5.59912184,O,5,1,0,A3_10
A3_10_1_M,-4.75070337,M,4,1,0,A3_10
A3_11_5_O,-8.17040564,O,8,1,0,A3_11
A3_11_1_A,-7.86181453,A,4,1,0,A3_11
A3_11_1_M,-7.26156128,M,4,1,0,A3_11
A3_11_2_A,-6.29070795,A,5,1,0,A3_11
A3_11_5_M,-7.72721314,M,8,1,0,A3_11
A3_11_2_O,-8.26732184,O,5,1,0,A3_11
A3_15_1_A,-5.52352184,A,4,1,0,A3_15
A3_15_5_O,-7.44061697,O,8,1,0,A3_15
A3_15_1_M,-6.5221151,M,4,1,0,A3_15
A3_15_3_O,-7.75994544,O,6,1,0,A3_15
A3_15_2_A,-3.69290467,A,5,1,0,A3_15
A3_15_5_M,-6.33491314,M,8,1,0,A3_15
A3_18_2_A,-5.43538367,A,5,0,0,A3_18
A3_18_5_O,-8.78226697,O,8,0,0,A3_18
A3_18_2_O,-8.56777184,O,5,0,0,A3_18
A3_18_5_M,-8.31241314,M,8,0,0,A3_18
A3_18_1_A,-6.79237184,A,4,0,0,A3_18
A3_18_1_M,-8.28310337,M,4,0,0,A3_18
A3_18_5_A,-3.42681683,A,8,0,0,A3_18
A3_19_2_O,-6.78839544,O,5,0,0,A3_19
A3_19_1_M,-6.69201128,M,4,0,0,A3_19
A3_19_1_A,-4.99752184,A,4,0,0,A3_19
A3_19_5_O,-8.61139382,O,8,0,0,A3_19
A3_19_2_A,-4.27527421,A,5,0,0,A3_19
A3_19_5_M,-6.13314382,M,8,0,0,A3_19
A3_2_2_O,-7.08609544,O,5,1,0,A3_2
A3_2_5_M,-5.60294382,M,8,1,0,A3_2
A3_2_1_M,-6.24640337,M,4,1,0,A3_2
A3_2_1_A,-4.92996453,A,4,1,0,A3_2
A3_2_2_A,-4.76108367,A,5,1,0,A3_2
A3_2_5_O,-7.54115564,O,8,1,0,A3_2
A3_22_1_M,-8.83630337,M,4,3,0,A3_22
A3_22_5_O,-7.36834382,O,8,3,0,A3_22
A3_22_2_O,-8.33594544,O,5,3,0,A3_22
A3_22_2_A,-4.07095467,A,5,3,0,A3_22
A3_22_1_A,-5.2906651,A,4,3,0,A3_22
A3_22_5_M,-6.88684382,M,8,3,0,A3_22
A3_23_2_O,-6.15940467,O,5,3,0,A3_23
A3_23_2_A,-5.08610467,A,5,3,0,A3_23
A3_23_5_O,-6.12670564,O,8,3,0,A3_23
A3_23_1_M,-5.1358151,M,4,3,0,A3_23
A3_23_1_A,-5.5343651,A,4,3,0,A3_23
A3_23_5_M,-6.94720502,M,8,3,0,A3_23
A3_5_2_A,-3.83819544,A,5,0,0,A3_5
A3_5_1_M,-5.95281128,M,4,0,0,A3_5
A3_5_5_O,-6.75540564,O,8,0,0,A3_5
A3_5_5_M,-5.33291314,M,8,0,0,A3_5
A3_5_2_O,-7.66559544,O,5,0,0,A3_5
A3_5_1_A,-5.55292184,A,4,0,0,A3_5
A4_14_2_A,-3.99024175,A,8,1,0,A4_14
A4_14_4_A,-5.86440878,A,10,1,0,A4_14
A4_14_1_A,-5.61204151,A,7,1,0,A4_14
A4_14_2_O,-7.64625346,O,8,1,0,A4_14
A4_14_3_O,-7.60959876,O,9,1,0,A4_14
A4_14_1_M,-6.77051683,M,7,1,0,A4_14
A4_14_4_M,-5.56705731,M,10,1,0,A4_14
A4_14_3_M,-5.96901453,M,9,1,0,A4_14
A4_15_4_M,-5.0130728,M,10,0,0,A4_15
A4_15_2_O,-9.22041212,O,8,0,0,A4_15
A4_15_3_O,-8.44838913,O,9,0,0,A4_15
A4_15_1_A,-5.6220273,A,7,0,0,A4_15
A4_15_3_M,-5.47412772,M,9,0,0,A4_15
A4_15_2_A,-6.32337421,A,8,0,0,A4_15
A4_15_4_A,-6.53525878,A,10,0,0,A4_15
A4_15_1_M,-6.62964847,M,7,0,0,A4_15
A4_16_3_O,-7.93174876,O,9,2,0,A4_16
A4_16_3_M,-6.64112772,M,9,2,0,A4_16
A4_16_2_O,-7.23876212,O,8,2,0,A4_16
A4_16_4_M,-5.03115731,M,10,2,0,A4_16
A4_16_2_A,-6.26102421,A,8,2,0,A4_16
A4_16_1_M,-7.62008335,M,7,2,0,A4_16
A4_16_4_A,-5.13742387,A,10,2,0,A4_16
A4_16_1_A,-4.91164151,A,7,2,0,A4_16
A4_18_2_O,-7.11586212,O,8,0,0,A4_18
A4_18_1_A,-7.09094151,A,7,0,0,A4_18
A4_18_3_O,-10.70781453,O,9,0,0,A4_18
A4_18_2_A,-7.84804175,A,8,0,0,A4_18
A4_18_3_M,-5.41941453,M,9,0,0,A4_18
A4_18_1_M,-5.19419847,M,7,0,0,A4_18
A4_2_3_M,-4.37964579,M,9,1,0,A4_2
A4_2_3_O,-7.76669579,O,9,1,0,A4_2
A4_2_2_A,-6.43194175,A,8,1,0,A4_2
A4_2_1_A,-4.89876683,A,7,1,0,A4_2
A4_2_4_A,-6.68317387,A,10,1,0,A4_2
A4_2_4_M,-5.1277228,M,10,1,0,A4_2
A4_2_1_M,-6.27508335,M,7,1,0,A4_2
A4_2_2_O,-7.82105341,O,8,1,0,A4_2
A4_20_2_O,-7.82051212,O,8,1,0,A4_20
A4_20_1_A,-3.15659151,A,7,1,0,A4_20
A4_20_2_A,-5.39119175,A,8,1,0,A4_20
A4_20_1_M,-6.38789847,M,7,1,0,A4_20
A4_20_3_M,-4.57149579,M,9,1,0,A4_20
A4_20_3_O,-5.71434579,O,9,1,0,A4_20
A4_24_3_O,-8.46713913,O,9,0,0,A4_24
A4_24_2_O,-8.42225346,O,8,0,0,A4_24
A4_24_2_A,-5.20542421,A,8,0,0,A4_24
A4_24_1_M,-6.63004847,M,7,0,0,A4_24
A4_24_3_M,-7.01806453,M,9,0,0,A4_24
A4_24_1_A,-5.1093773,A,7,0,0,A4_24
A4_26_3_M,-5.44082772,M,9,2,0,A4_26
A4_26_1_A,-2.95541683,A,7,2,0,A4_26
A4_26_3_O,-9.12139876,O,9,2,0,A4_26
A4_26_1_M,-9.21924847,M,7,2,0,A4_26
A4_26_2_A,-5.11770341,A,8,2,0,A4_26
A4_26_2_O,-6.39670341,O,8,2,0,A4_26
A4_5_2_A,-7.21932421,A,8,0,0,A4_5
A4_5_2_O,-9.46146212,O,8,0,0,A4_5
A4_5_1_A,-3.09624151,A,7,0,0,A4_5
A4_5_3_O,-6.79218913,O,9,0,0,A4_5
A4_5_3_M,-4.63471453,M,9,0,0,A4_5
A4_5_1_M,-4.99363335,M,7,0,0,A4_5
A4_8_1_A,-3.88169175,A,7,0,0,A4_8
A4_8_3_M,-5.82827772,M,9,0,0,A4_8
A4_8_3_O,-7.97113913,O,9,0,0,A4_8
A4_8_2_A,-5.53375341,A,8,0,0,A4_8
A4_8_1_M,-5.84971683,M,7,0,0,A4_8
A4_8_4_A,-4.70370878,A,10,0,0,A4_8
A4_8_4_M,-5.22419295,M,10,0,0,A4_8
A4_8_2_O,-7.82500346,O,8,0,0,A4_8
A5_10_1_M,-6.1179728,M,10,1,0,A5_10
A5_10_4_A,-4.53607881,A,13,1,0,A5_10
A5_10_1_A,-4.150623,A,10,1,0,A5_10
A5_10_5_O,-8.95035496,O,14,1,0,A5_10
A5_10_5_M,-6.9508127,M,14,1,0,A5_10
A5_10_4_O,-8.21643843,O,13,1,0,A5_10
A5_15_5_M,-4.23730894,M,14,0,0,A5_15
A5_15_4_A,-5.70627176,A,13,0,0,A5_15
A5_15_5_O,-8.50239001,O,14,0,0,A5_15
A5_15_4_O,-7.30533843,O,13,0,0,A5_15
A5_15_1_A,-4.839423,A,10,0,0,A5_15
A5_15_1_M,-4.9359228,M,10,0,0,A5_15
A5_2_5_O,-9.05104001,O,14,0,0,A5_2
A5_2_1_M,-5.73435731,M,10,0,0,A5_2
A5_2_1_A,-5.55546346,A,10,0,0,A5_2
A5_2_4_A,-6.02767881,A,13,0,0,A5_2
A5_2_5_M,-4.2676627,M,14,0,0,A5_2
A5_2_4_O,-9.99341103,O,13,0,0,A5_2
A5_20_5_O,-6.92375496,O,14,0,0,A5_20
A5_20_4_A,-5.88792176,A,13,0,0,A5_20
A5_20_1_M,-3.936823,M,10,0,0,A5_20
A5_20_5_M,-3.42605894,M,14,0,0,A5_20
A5_20_4_O,-6.59947387,O,13,0,0,A5_20
A5_20_1_A,-4.724073,A,10,0,0,A5_20
A5_22_1_M,-6.89484295,M,10,1,0,A5_22
A5_22_1_A,-6.43346346,A,10,1,0,A5_22
A5_22_5_O,-8.3396627,O,14,1,0,A5_22
A5_22_4_O,-7.56188843,O,13,1,0,A5_22
A5_22_4_A,-7.33502582,A,13,1,0,A5_22
A5_22_5_M,-5.87007176,M,14,1,0,A5_22
A5_23_5_O,-6.53050496,O,14,0,0,A5_23
A5_23_1_M,-5.56035731,M,10,0,0,A5_23
A5_23_4_A,-6.72762582,A,13,0,0,A5_23
A5_23_5_M,-4.72325894,M,14,0,0,A5_23
A5_23_4_O,-7.44987387,O,13,0,0,A5_23
A5_3_5_O,-9.76834001,O,14,1,0,A5_3
A5_3_1_A,-5.55961346,A,10,1,0,A5_3
A5_3_5_M,-5.52875894,M,14,1,0,A5_3
A5_3_1_M,-6.17059295,M,10,1,0,A5_3
A5_3_4_O,-10.11666103,O,13,1,0,A5_3
A5_3_4_A,-5.79142881,A,13,1,0,A5_3
A5_7_4_A,-4.12037582,A,13,1,0,A5_7
A5_7_4_O,-7.81806103,O,13,1,0,A5_7
A5_7_5_O,-6.73034001,O,14,1,0,A5_7
A5_7_5_M,-4.2369127,M,14,1,0,A5_7
A5_7_1_M,-5.69819295,M,10,1,0,A5_7
A5_8_5_O,-7.91089001,O,14,1,1,A5_8
A5_8_4_O,-8.33428843,O,13,1,1,A5_8
A5_8_4_A,-6.05062582,A,13,1,1,A5_8
A5_8_5_M,-5.23860894,M,14,1,1,A5_8
A5_8_1_A,-5.87147387,A,10,1,1,A5_8
A6_1_1_A,-2.5593753,A,13,2,0,A6_1
A6_1_3_O,-7.79232025,O,15,2,0,A6_1
A6_1_2_O,-8.07226098,O,14,2,0,A6_1
A6_1_1_M,-5.18516632,M,13,2,0,A6_1
A6_1_2_A,-4.85821184,A,14,2,0,A6_1
A6_1_3_M,-8.29924316,M,15,2,0,A6_1
A6_10_3_M,-8.06510341,M,15,2,0,A6_10
A6_10_2_O,-8.03101098,O,14,2,0,A6_10
A6_10_2_A,-5.29187693,A,14,2,0,A6_10
A6_10_1_A,-5.30865851,A,13,2,0,A6_10
A6_10_3_O,-8.33972878,O,15,2,0,A6_10
A6_10_1_M,-5.12477481,M,13,2,0,A6_10
A6_12_2_A,-4.36110407,A,14,0,0,A6_12
A6_12_2_O,-9.85771661,O,14,0,0,A6_12
A6_12_1_M,-4.99862481,M,13,0,0,A6_12
A6_12_3_O,-7.76382025,O,15,0,0,A6_12
A6_12_1_A,-4.28375851,A,13,0,0,A6_12
A6_12_3_M,-5.77139316,M,15,0,0,A6_12
A6_14_3_M,-7.79358367,M,15,1,0,A6_14
A6_14_2_O,-8.27666661,O,14,1,0,A6_14
A6_14_3_O,-8.80817025,O,15,1,0,A6_14
A6_14_1_M,-5.83868482,M,13,1,0,A6_14
A6_14_2_A,-6.71132693,A,14,1,0,A6_14
A6_14_1_A,-5.24655851,A,13,1,0,A6_14
A6_15_2_O,-8.15806098,O,14,0,0,A6_15
A6_15_1_A,-4.16336184,A,13,0,0,A6_15
A6_15_2_A,-4.28356184,A,14,0,0,A6_15
A6_15_1_M,-4.98863482,M,13,0,0,A6_15
A6_15_3_O,-8.50837878,O,15,0,0,A6_15
A6_15_3_M,-6.62120341,M,15,0,0,A6_15
A6_16_2_A,-4.89932693,A,14,1,0,A6_16
A6_16_3_O,-8.41252025,O,15,1,0,A6_16
A6_16_1_M,-2.39821632,M,13,1,0,A6_16
A6_16_2_O,-6.70716098,O,14,1,0,A6_16
A6_16_3_M,-4.70315682,M,15,1,0,A6_16
A6_16_1_A,-4.04890851,A,13,1,0,A6_16
A6_3_2_O,-6.55621661,O,14,0,1,A6_3
A6_3_1_M,-5.39478482,M,13,0,1,A6_3
A6_3_1_A,-5.66986184,A,13,0,1,A6_3
A6_3_2_A,-4.41451184,A,14,0,1,A6_3
A6_3_3_M,-6.49900682,M,15,0,1,A6_3
A6_3_3_O,-6.20457025,O,15,0,1,A6_3
A6_4_1_A,-6.1613753,A,13,0,0,A6_4
A6_4_3_M,-7.06040682,M,15,0,0,A6_4
A6_4_3_O,-8.38153367,O,15,0,0,A6_4
A6_4_2_A,-5.35322693,A,14,0,0,A6_4
A6_4_1_M,-6.49611632,M,13,0,0,A6_4
A6_4_2_O,-8.15711098,O,14,0,0,A6_4
A6_8_3_M,-6.09460341,M,15,1,0,A6_8
A6_8_2_O,-7.70006098,O,14,1,0,A6_8
A6_8_2_A,-3.95737693,A,14,1,0,A6_8
A6_8_3_O,-7.31292878,O,15,1,0,A6_8
A6_8_1_A,-5.32575851,A,13,1,0,A6_8
A7_10_1_M,-4.56746586,M,16,1,0,A7_10
A7_10_2_O,-6.95909123,O,17,1,0,A7_10
A7_10_2_A,-6.75984006,A,17,1,0,A7_10
A7_10_3_O,-8.62760507,O,18,1,0,A7_10
A7_10_3_M,-4.8787524,M,18,1,0,A7_10
A7_10_1_A,-5.95171586,A,16,1,0,A7_10
A7_11_3_M,-6.4815024,M,18,0,0,A7_11
A7_11_1_M,-6.1591498,M,16,0,0,A7_11
A7_11_2_A,-7.6293627,A,17,0,0,A7_11
A7_11_2_O,-7.17369123,O,17,0,0,A7_11
A7_11_1_A,-4.30815335,A,16,0,0,A7_11
A7_11_3_O,-8.78475507,O,18,0,0,A7_11
A7_14_3_O,-7.13130507,O,18,1,0,A7_14
A7_14_2_A,-6.2739627,A,17,1,0,A7_14
A7_14_1_M,-5.6836498,M,16,1,0,A7_14
A7_14_3_M,-4.14373561,M,18,1,0,A7_14
A7_14_2_O,-6.99264123,O,17,1,0,A7_14
A7_14_1_A,-4.25175335,A,16,1,0,A7_14
A7_20_2_A,-4.77589006,A,17,2,0,A7_20
A7_20_3_M,-6.3463524,M,18,2,0,A7_20
A7_20_1_A,-4.76863025,A,16,2,0,A7_20
A7_20_1_M,-6.44851691,M,16,2,0,A7_20
A7_20_2_O,-5.41114123,O,17,2,0,A7_20
A7_20_3_O,-7.3002524,O,18,2,0,A7_20
A7_23_2_A,-5.85026691,A,17,1,0,A7_23
A7_23_3_M,-4.5542524,M,18,1,0,A7_23
A7_23_1_A,-4.42438025,A,16,1,0,A7_23
A7_23_3_O,-7.57642482,O,18,1,0,A7_23
A7_23_1_M,-5.18851691,M,16,1,0,A7_23
A7_24_1_M,-7.61686586,M,16,0,0,A7_24
A7_24_3_O,-8.79190507,O,18,0,0,A7_24
A7_24_2_A,-7.23142431,A,17,0,0,A7_24
A7_24_2_O,-7.42322431,O,17,0,0,A7_24
A7_24_3_M,-7.0057524,M,18,0,0,A7_24
A7_24_1_A,-4.78268025,A,16,0,0,A7_24
A7_3_3_M,-4.70148561,M,18,1,0,A7_3
A7_3_2_O,-3.95177482,O,17,1,0,A7_3
A7_3_1_A,-4.40863025,A,16,1,0,A7_3
A7_3_3_O,-6.95281957,O,18,1,0,A7_3
A7_3_1_M,-5.13776691,M,16,1,0,A7_3
A7_3_2_A,-4.44594006,A,17,1,0,A7_3
A7_4_3_M,-7.69483561,M,18,0,0,A7_4
A7_4_3_O,-6.85956957,O,18,0,0,A7_4
A7_4_1_M,-8.8335998,M,16,0,0,A7_4
A7_4_2_A,-6.54732431,A,17,0,0,A7_4
A7_4_1_A,-5.33948025,A,16,0,0,A7_4
A7_4_2_O,-4.95882482,O,17,0,0,A7_4
A7_8_3_M,-4.58227805,M,18,1,0,A7_8
A7_8_1_A,-4.46450335,A,16,1,0,A7_8
A7_8_1_M,-6.6688998,M,16,1,0,A7_8
A7_8_2_A,-5.5302127,A,17,1,0,A7_8
A7_9_3_M,-4.76352805,M,18,1,0,A7_9
A7_9_1_M,-7.0315998,M,16,1,0,A7_9
A7_9_3_O,-6.60856957,O,18,1,0,A7_9
A7_9_2_A,-3.72114006,A,17,1,0,A7_9
A7_9_2_O,-5.12467431,O,17,1,0,A7_9
A7_9_1_A,-4.30890335,A,16,1,0,A7_9
A9_1_3_M,-5.48037759,M,24,1,0,A9_1
A9_1_4_A,-3.93023388,A,25,1,0,A9_1
A9_1_1_M,-6.99929527,M,22,1,0,A9_1
A9_1_2_A,-3.14461034,A,23,1,0,A9_1
A9_1_3_O,-6.12474043,O,24,1,0,A9_1
A9_1_1_A,-3.65214558,A,22,1,0,A9_1
A9_1_4_M,-6.83920274,M,25,1,0,A9_1
A9_1_2_O,-4.57012266,O,23,1,0,A9_1
A9_11_2_O,-6.10688732,O,23,2,0,A9_11
A9_11_4_A,-6.55906908,A,25,2,0,A9_11
A9_11_3_M,-6.05745712,M,24,2,0,A9_11
A9_11_1_M,-6.72394527,M,22,2,0,A9_11
A9_11_3_O,-6.65929043,O,24,2,0,A9_11
A9_11_2_A,-5.90244043,A,23,2,0,A9_11
A9_11_1_A,-5.38714558,A,22,2,0,A9_11
A9_11_4_M,-8.17906489,M,25,2,0,A9_11
A9_14_2_A,-3.98084043,A,23,1,1,A9_14
A9_14_1_A,-5.22556851,A,22,1,1,A9_14
A9_14_3_M,-6.53712759,M,24,1,1,A9_14
A9_14_2_O,-5.52557266,O,23,1,1,A9_14
A9_14_3_O,-6.29935208,O,24,1,1,A9_14
A9_14_1_M,-6.11934527,M,22,1,1,A9_14
A9_19_2_O,-6.89540333,O,23,1,0,A9_19
A9_19_4_M,-7.08690274,M,25,1,0,A9_19
A9_19_1_M,-7.72324527,M,22,1,0,A9_19
A9_19_1_A,-4.56514558,A,22,1,0,A9_19
A9_19_2_A,-6.63286034,A,23,1,0,A9_19
A9_19_4_A,-5.42318388,A,25,1,0,A9_19
A9_19_3_M,-7.89587759,M,24,1,0,A9_19
A9_19_3_O,-6.61900208,O,24,1,0,A9_19
A9_20_3_M,-5.42195712,M,24,2,0,A9_20
A9_20_3_O,-6.51855208,O,24,2,0,A9_20
A9_20_1_A,-4.62916851,A,22,2,0,A9_20
A9_20_4_M,-7.95085274,M,25,2,0,A9_20
A9_20_4_A,-5.14726908,A,25,2,0,A9_20
A9_20_1_M,-5.92339527,M,22,2,0,A9_20
A9_20_2_O,-6.44020333,O,23,2,0,A9_20
A9_20_2_A,-5.67113732,A,23,2,0,A9_20
A9_21_3_M,-5.86705712,M,24,0,0,A9_21
A9_21_1_A,-3.52359939,A,22,0,0,A9_21
A9_21_2_O,-6.98013732,O,23,0,0,A9_21
A9_21_1_M,-5.95514527,M,22,0,0,A9_21
A9_21_2_A,-5.58097375,A,23,0,0,A9_21
A9_22_1_M,-8.56591992,M,22,1,1,A9_22
A9_22_1_A,-6.95499939,A,22,1,1,A9_22
A9_22_2_O,-9.12045333,O,23,1,1,A9_22
A9_22_3_M,-7.52037759,M,24,1,1,A9_22
A9_22_2_A,-6.51206034,A,23,1,1,A9_22
A9_22_3_O,-6.79483775,O,24,1,1,A9_22
A9_24_1_M,-6.05291992,M,22,1,0,A9_24
A9_24_2_A,-5.97887375,A,23,1,0,A9_24
A9_24_2_O,-8.33023732,O,23,1,0,A9_24
A9_24_1_A,-8.64469558,A,22,1,0,A9_24
A9_24_3_O,-8.37179043,O,24,1,0,A9_24
A9_24_3_M,-6.22853775,M,24,1,0,A9_24
A9_3_3_O,-5.55188775,O,24,0,0,A9_3
A9_3_2_O,-7.86035333,O,23,0,0,A9_3
A9_3_1_A,-5.43394558,A,22,0,0,A9_3
A9_3_1_M,-6.01351851,M,22,0,0,A9_3
A9_3_2_A,-4.78996034,A,23,0,0,A9_3
A9_3_3_M,-4.73140441,M,24,0,0,A9_3
A9_5_1_A,-6.62009558,A,22,2,0,A9_5
A9_5_1_M,-7.01501992,M,22,2,0,A9_5
A9_5_3_O,-7.10089043,O,24,2,0,A9_5
A9_5_2_A,-6.04771034,A,23,2,0,A9_5
A9_5_3_M,-9.86285712,M,24,2,0,A9_5
A9_5_2_O,-7.61918732,O,23,2,0,A9_5
A9_5_4_M,-10.38645441,M,25,2,0,A9_5
A9_5_4_A,-7.44956908,A,25,2,0,A9_5
B1_12_5_O,-8.00888367,O,5,1,0,B1_12
B1_12_3_O,-7.43929611,O,3,1,0,B1_12
B1_12_5_A,-5.04985467,A,5,1,0,B1_12
B1_12_4_A,-5.84768238,A,4,1,0,B1_12
B1_12_1_M,-4.42011254,M,1,1,0,B1_12
B1_12_4_M,-6.19826128,M,4,1,0,B1_12
B1_12_2_A,-4.54121863,A,2,1,0,B1_12
B1_12_3_M,-5.57968092,M,3,1,0,B1_12
B1_12_2_O,-7.2245485,O,2,1,0,B1_12
B1_12_1_A,-3.90176535,A,1,1,0,B1_12
B1_16_2_A,-4.93309405,A,2,0,0,B1_16
B1_16_3_O,-6.8268326,O,3,0,0,B1_16
B1_16_3_M,-5.84549611,M,3,0,0,B1_16
B1_16_1_M,-6.63656254,M,1,0,0,B1_16
B1_16_2_O,-6.8430485,O,2,0,0,B1_16
B1_16_1_A,-2.96901535,A,1,0,0,B1_16
B1_18_3_O,-7.1707826,O,3,1,0,B1_18
B1_18_1_M,-4.21141374,M,1,1,0,B1_18
B1_18_1_A,-4.66136535,A,1,1,0,B1_18
B1_18_2_O,-6.0464485,O,2,1,0,B1_18
B1_18_2_A,-4.33359405,A,2,1,0,B1_18
B1_18_3_M,-3.06963238,M,3,1,0,B1_18
B1_2_3_O,-9.19089573,O,3,1,0,B1_2
B1_2_4_A,-4.54568238,A,4,1,0,B1_2
B1_2_2_A,-3.58246863,A,2,1,0,B1_2
B1_2_3_M,-5.00417745,M,3,1,0,B1_2
B1_2_4_M,-9.26527421,M,4,1,0,B1_2
B1_2_5_A,-4.96780795,A,5,1,0,B1_2
B1_2_1_M,-5.87341254,M,1,1,0,B1_2
B1_2_1_A,-3.00666535,A,1,1,0,B1_2
B1_2_2_O,-6.92737618,O,2,1,0,B1_2
B1_22_2_O,-6.4682985,O,2,2,0,B1_22
B1_22_3_O,-8.01674573,O,3,2,0,B1_22
B1_22_3_M,-5.61838092,M,3,2,0,B1_22
B1_22_1_A,-4.17006374,A,1,2,0,B1_22
B1_22_1_M,-6.64186374,M,1,2,0,B1_22
B1_22_2_A,-5.55292745,A,2,2,0,B1_22
B1_24_5_A,-4.66343367,A,5,2,0,B1_24
B1_24_1_A,-3.01406374,A,1,2,0,B1_24
B1_24_4_M,-7.55186128,M,4,2,0,B1_24
B1_24_3_O,-8.9986326,O,3,2,0,B1_24
B1_24_5_O,-9.52723367,O,5,2,0,B1_24
B1_24_4_A,-5.78636453,A,4,2,0,B1_24
B1_24_1_M,-6.41751374,M,1,2,0,B1_24
B1_24_2_A,-3.58682745,A,2,2,0,B1_24
B1_24_2_O,-7.13286254,O,2,2,0,B1_24
B1_3_3_O,-7.5088326,O,3,2,0,B1_3
B1_3_1_A,-4.82596535,A,1,2,0,B1_3
B1_3_2_O,-6.16942618,O,2,2,0,B1_3
B1_3_2_A,-4.58651863,A,2,2,0,B1_3
B1_3_4_M,-6.44277421,M,4,2,0,B1_3
B1_3_4_A,-4.35588238,A,4,2,0,B1_3
B1_3_1_M,-5.08921374,M,1,2,0,B1_3
B1_3_3_M,-6.86723092,M,3,2,0,B1_3
B1_3_5_A,-4.55819544,A,5,2,0,B1_3
B1_3_5_O,-6.19453367,O,5,2,0,B1_3
B1_5_5_A,-5.15975795,A,5,1,0,B1_5
B1_5_5_O,-7.31390795,O,5,1,0,B1_5
B1_5_4_A,-5.54288238,A,4,1,0,B1_5
B1_5_4_M,-7.35737421,M,4,1,0,B1_5
B1_5_2_O,-7.3979985,O,2,1,0,B1_5
B1_5_1_M,-5.26361254,M,1,1,0,B1_5
B1_5_1_A,-3.91671535,A,1,1,0,B1_5
B1_5_3_M,-4.87274611,M,3,1,0,B1_5
B1_5_2_A,-3.52921863,A,2,1,0,B1_5
B1_5_3_O,-8.10899611,O,3,1,0,B1_5
B1_8_2_A,-3.78406863,A,2,2,0,B1_8
B1_8_1_A,-3.58456535,A,1,2,0,B1_8
B1_8_3_M,-6.27629611,M,3,2,0,B1_8
B1_8_3_O,-7.7682326,O,3,2,0,B1_8
B1_8_1_M,-5.94371374,M,1,2,0,B1_8
B1_8_2_O,-6.60912618,O,2,2,0,B1_8
B10_1_3_M,-7.86200496,M,28,0,1,B10_1
B10_1_2_O,-6.9147198,O,27,0,1,B10_1
B10_1_5_M,-8.29240235,M,30,0,1,B10_1
B10_1_1_A,-6.15732176,A,26,0,1,B10_1
B10_1_4_A,-5.19958286,A,29,0,1,B10_1
B10_1_2_M,-6.51589623,M,27,0,1,B10_1
B10_1_3_A,-5.69594487,A,28,0,1,B10_1
B10_1_5_O,-6.33360496,O,30,0,1,B10_1
B10_1_4_O,-6.93169326,O,29,0,1,B10_1
B10_1_1_O,-8.14046792,O,26,0,1,B10_1
B10_12_3_A,-5.44108192,A,28,0,0,B10_12
B10_12_2_M,-5.73197759,M,27,0,0,B10_12
B10_12_4_O,-7.06950279,O,29,0,0,B10_12
B10_12_5_O,-7.41131195,O,30,0,0,B10_12
B10_12_1_O,-6.27266792,O,26,0,0,B10_12
B10_12_3_M,-6.09525046,M,28,0,0,B10_12
B10_12_5_M,-3.77298689,M,30,0,0,B10_12
B10_12_1_A,-3.95629192,A,26,0,0,B10_12
B10_12_2_O,-7.7275198,O,27,0,0,B10_12
B10_12_4_A,-4.30868149,A,29,0,0,B10_12
B10_13_3_M,-7.40915046,M,28,1,0,B10_13
B10_13_1_A,-6.17912176,A,26,1,0,B10_13
B10_13_2_O,-6.56071792,O,27,1,0,B10_13
B10_13_2_M,-5.92739623,M,27,1,0,B10_13
B10_13_3_A,-4.32504487,A,28,1,0,B10_13
B10_13_1_O,-11.45704515,O,26,1,0,B10_13
B10_14_3_A,-5.81114487,A,28,1,0,B10_14
B10_14_3_M,-6.49710496,M,28,1,0,B10_14
B10_14_1_A,-5.96447176,A,26,1,0,B10_14
B10_14_2_O,-6.8512198,O,27,1,0,B10_14
B10_14_2_M,-6.21214623,M,27,1,0,B10_14
B10_14_1_O,-7.29199515,O,26,1,0,B10_14
B10_15_2_O,-6.71341868,O,27,2,0,B10_15
B10_15_1_O,-7.49674515,O,26,2,0,B10_15
B10_15_2_M,-8.32042575,M,27,2,0,B10_15
B10_15_1_A,-4.47862176,A,26,2,0,B10_15
B10_15_3_M,-7.02905496,M,28,2,0,B10_15
B10_15_3_A,-5.13542759,A,28,2,0,B10_15
B10_18_1_O,-8.97341484,O,26,0,0,B10_18
B10_18_2_M,-6.35817575,M,27,0,0,B10_18
B10_18_2_O,-8.6823198,O,27,0,0,B10_18
B10_18_3_M,-6.91595496,M,28,0,0,B10_18
B10_18_1_A,-5.69180274,A,26,0,0,B10_18
B10_18_3_A,-5.30823192,A,28,0,0,B10_18
B10_2_1_O,-7.73536484,O,26,1,0,B10_2
B10_2_4_A,-5.00278149,A,29,1,0,B10_2
B10_2_2_M,-6.14357759,M,27,1,0,B10_2
B10_2_2_O,-7.48296868,O,27,1,0,B10_2
B10_2_5_M,-5.77408689,M,30,1,0,B10_2
B10_2_3_A,-5.49109487,A,28,1,0,B10_2
B10_2_5_O,-7.25486195,O,30,1,0,B10_2
B10_2_4_O,-8.15446792,O,29,1,0,B10_2
B10_2_1_A,-4.38814192,A,26,1,0,B10_2
B10_2_3_M,-5.92960046,M,28,1,0,B10_2
B10_21_3_M,-7.65212494,M,28,1,1,B10_21
B10_21_1_O,-8.41731484,O,26,1,1,B10_21
B10_21_3_A,-4.60153192,A,28,1,1,B10_21
B10_21_2_M,-7.01127575,M,27,1,1,B10_21
B10_21_1_A,-4.25620274,A,26,1,1,B10_21
B10_21_2_O,-8.06451868,O,27,1,1,B10_21
B10_3_1_A,-5.64152176,A,26,0,0,B10_3
B10_3_5_O,-8.39050799,O,30,0,0,B10_3
B10_3_2_M,-6.12664623,M,27,0,0,B10_3
B10_3_3_M,-6.56135046,M,28,0,0,B10_3
B10_3_3_A,-7.01563192,A,28,0,0,B10_3
B10_3_4_O,-7.60154326,O,29,0,0,B10_3
B10_3_2_O,-7.0234198,O,27,0,0,B10_3
B10_3_4_A,-5.02352029,A,29,0,0,B10_3
B10_3_1_O,-6.25484515,O,26,0,0,B10_3
B10_3_5_M,-5.20945235,M,30,0,0,B10_3
B10_5_3_M,-5.38570496,M,28,2,0,B10_5
B10_5_5_O,-6.79850799,O,30,2,0,B10_5
B10_5_5_M,-6.13638689,M,30,2,0,B10_5
B10_5_3_A,-4.48442759,A,28,2,0,B10_5
B10_5_4_A,-4.15368286,A,29,2,0,B10_5
B10_5_4_O,-6.93158286,O,29,2,0,B10_5
B10_5_1_O,-8.48851484,O,26,2,0,B10_5
B10_5_2_M,-7.36149623,M,27,2,0,B10_5
B10_5_2_O,-5.54301868,O,27,2,0,B10_5
B10_5_1_A,-6.04282176,A,26,2,0,B10_5
B11_1_1_A,-4.88797494,A,29,1,0,B11_1
B11_1_5_M,-5.84336683,M,33,1,0,B11_1
B11_1_2_O,-6.62777948,O,30,1,0,B11_1
B11_1_1_O,-7.03940279,O,29,1,0,B11_1
B11_1_5_A,-5.53538578,A,33,1,0,B11_1
B11_1_2_M,-5.89773689,M,30,1,0,B11_1
B11_10_2_O,-6.50486195,O,30,1,0,B11_10
B11_10_1_A,-5.43137029,A,29,1,0,B11_10
B11_10_5_A,-6.01588578,A,33,1,0,B11_10
B11_10_1_O,-5.85679326,O,29,1,0,B11_10
B11_10_5_M,-7.67251683,M,33,1,0,B11_10
B11_10_2_M,-5.44710799,M,30,1,0,B11_10
B11_12_5_M,-4.756986,M,33,2,0,B11_12
B11_12_1_O,-6.28710279,O,29,2,0,B11_12
B11_12_2_M,-4.62015799,M,30,2,0,B11_12
B11_12_2_O,-6.84807948,O,30,2,0,B11_12
B11_12_5_A,-5.36813578,A,33,2,0,B11_12
B11_12_1_A,-4.41623149,A,29,2,0,B11_12
B11_13_1_A,-5.56947494,A,29,1,0,B11_13
B11_13_2_M,-4.89858689,M,30,1,0,B11_13
B11_13_1_O,-7.83139326,O,29,1,0,B11_13
B11_13_5_M,-7.34880235,M,33,1,0,B11_13
B11_13_2_O,-6.85742948,O,30,1,0,B11_13
B11_13_5_A,-6.79600467,A,33,1,0,B11_13
B11_16_5_A,-6.2460732,A,33,2,0,B11_16
B11_16_5_M,-6.94145235,M,33,2,0,B11_16
B11_16_1_O,-6.18289326,O,29,2,0,B11_16
B11_16_2_M,-6.58680799,M,30,2,0,B11_16
B11_16_2_O,-6.83325496,O,30,2,0,B11_16
B11_16_1_A,-6.96527029,A,29,2,0,B11_16
B11_18_2_M,-6.80227029,M,30,2,0,B11_18
B11_18_2_O,-6.87200496,O,30,2,0,B11_18
B11_18_5_M,-6.056636,M,33,2,0,B11_18
B11_18_1_O,-6.60431792,O,29,2,0,B11_18
B11_18_1_A,-5.06553149,A,29,2,0,B11_18
B11_18_5_A,-6.38590467,A,33,2,0,B11_18
B11_19_5_A,-6.55093578,A,33,2,0,B11_19
B11_19_5_M,-3.446686,M,33,2,0,B11_19
B11_19_2_M,-4.18177029,M,30,2,0,B11_19
B11_19_1_O,-6.90970279,O,29,2,0,B11_19
B11_19_1_A,-5.02653149,A,29,2,0,B11_19
B11_19_2_O,-6.48295496,O,30,2,0,B11_19
B11_2_5_M,-5.51801683,M,33,0,0,B11_2
B11_2_2_M,-4.70595235,M,30,0,0,B11_2
B11_2_2_O,-6.82507948,O,30,0,0,B11_2
B11_2_5_A,-7.0946732,A,33,0,0,B11_2
B11_2_1_A,-4.96938149,A,29,0,0,B11_2
B11_2_1_O,-7.35174326,O,29,0,0,B11_2
B11_20_2_O,-6.73600496,O,30,2,0,B11_20
B11_20_5_M,-5.9387732,M,33,2,0,B11_20
B11_20_1_O,-7.62224326,O,29,2,0,B11_20
B11_20_1_A,-5.33623149,A,29,2,0,B11_20
B11_20_5_A,-7.6251232,A,33,2,0,B11_20
B11_20_2_M,-5.31348689,M,30,2,0,B11_20
B11_9_5_A,-5.25488578,A,33,1,0,B11_9
B11_9_5_M,-5.348736,M,33,1,0,B11_9
B11_9_1_O,-6.96901792,O,29,1,0,B11_9
B11_9_2_O,-6.14176195,O,30,1,0,B11_9
B11_9_2_M,-4.33485235,M,30,1,0,B11_9
B11_9_1_A,-4.02530279,A,29,1,0,B11_9
B12_13_1_A,-6.71960467,A,32,0,0,B12_13
B12_13_3_M,-4.09367003,M,34,0,0,B12_13
B12_13_1_O,-6.96939821,O,32,0,0,B12_13
B12_13_3_A,-4.40692824,A,34,0,0,B12_13
B12_15_3_A,-3.55420596,A,34,1,0,B12_15
B12_15_2_M,-5.84384131,M,33,1,0,B12_15
B12_15_1_O,-8.45926527,O,32,1,0,B12_15
B12_15_3_M,-3.48838224,M,34,1,0,B12_15
B12_15_2_O,-5.87578393,O,33,1,0,B12_15
B12_15_1_A,-4.82186527,A,32,1,0,B12_15
B12_17_3_M,-6.66242003,M,34,1,0,B12_17
B12_17_2_O,-11.16286457,O,33,1,0,B12_17
B12_17_3_A,-6.34932003,A,34,1,0,B12_17
B12_17_2_M,-7.18126325,M,33,1,0,B12_17
B12_17_1_A,-5.63973033,A,32,1,0,B12_17
B12_17_1_O,-8.36969821,O,32,1,0,B12_17
B12_3_2_O,-6.59501457,O,33,2,0,B12_3
B12_3_1_O,-7.17907618,O,32,2,0,B12_3
B12_3_3_M,-4.40794579,M,34,2,0,B12_3
B12_3_2_M,-6.50309131,M,33,2,0,B12_3
B12_3_3_A,-5.82410596,A,34,2,0,B12_3
B12_3_1_A,-5.23459235,A,32,2,0,B12_3
B12_7_3_M,-4.29018224,M,34,1,0,B12_7
B12_7_2_O,-6.87867618,O,33,1,0,B12_7
B12_7_2_M,-6.17797824,M,33,1,0,B12_7
B12_7_3_A,-6.83912654,A,34,1,0,B12_7
B12_7_1_O,-6.55942618,O,32,1,0,B12_7
B12_7_1_A,-5.58790467,A,32,1,0,B12_7
B12_8_3_A,-3.55437654,A,34,2,0,B12_8
B12_8_1_O,-8.54379821,O,32,2,0,B12_8
B12_8_1_A,-5.18108033,A,32,2,0,B12_8
B12_8_2_M,-6.39829131,M,33,2,0,B12_8
B12_8_2_O,-7.58183393,O,33,2,0,B12_8
B12_8_3_M,-2.89718224,M,34,2,0,B12_8
B13_10_5_A,-5.6491171,A,39,1,0,B13_10
B13_10_5_M,-6.67916752,M,39,1,0,B13_10
B13_10_1_A,-6.43669767,A,35,1,0,B13_10
B13_10_1_M,-6.85151022,M,35,1,0,B13_10
B13_10_4_O,-9.64796491,O,38,1,0,B13_10
B13_10_4_M,-7.03597347,M,38,1,0,B13_10
B13_15_4_M,-7.02954432,M,38,0,0,B13_15
B13_15_4_O,-8.94692489,O,38,0,0,B13_15
B13_15_5_A,-6.62240299,A,39,0,0,B13_15
B13_15_5_M,-7.02186752,M,39,0,0,B13_15
B13_15_1_A,-6.40717489,A,35,0,0,B13_15
B13_15_1_M,-5.49481834,M,35,0,0,B13_15
B13_17_5_A,-6.6952671,A,39,1,0,B13_17
B13_17_1_A,-7.22584767,A,35,1,0,B13_17
B13_17_4_O,-6.07902489,O,38,1,0,B13_17
B13_17_1_M,-5.37781022,M,35,1,0,B13_17
B13_17_4_M,-4.74371021,M,38,1,0,B13_17
B13_17_5_M,-5.3784671,M,39,1,0,B13_17
B13_18_1_M,-6.24586834,M,35,0,0,B13_18
B13_18_4_O,-6.23284432,O,38,0,0,B13_18
B13_18_4_M,-5.32187347,M,38,0,0,B13_18
B13_18_1_A,-5.78971212,A,35,0,0,B13_18
B13_18_5_A,-6.89330299,A,39,0,0,B13_18
B13_18_5_M,-6.36275046,M,39,0,0,B13_18
B13_19_5_M,-6.1500171,M,39,1,0,B13_19
B13_19_4_O,-6.78147489,O,38,1,0,B13_19
B13_19_5_A,-7.43745299,A,39,1,0,B13_19
B13_19_1_M,-6.16606834,M,35,1,0,B13_19
B13_19_4_M,-5.91947347,M,38,1,0,B13_19
B13_19_1_A,-6.5940735,A,35,1,0,B13_19
B13_3_1_M,-6.61255039,M,35,0,0,B13_3
B13_3_1_A,-6.19119767,A,35,0,0,B13_3
B13_3_5_M,-4.29946752,M,39,0,0,B13_3
B13_3_5_A,-6.07890299,A,39,0,0,B13_3
B13_3_4_O,-9.69894432,O,38,0,0,B13_3
B13_3_4_M,-4.12257347,M,38,0,0,B13_3
B13_4_4_O,-5.29214432,O,38,1,0,B13_4
B13_4_4_M,-6.59366021,M,38,1,0,B13_4
B13_4_1_M,-5.68890039,M,35,1,0,B13_4
B13_4_1_A,-6.06261212,A,35,1,0,B13_4
B13_4_5_M,-5.33661752,M,39,1,0,B13_4
B13_4_5_A,-6.76940299,A,39,1,0,B13_4
B13_6_5_A,-5.80192874,A,39,1,1,B13_6
B13_6_4_O,-6.20121491,O,38,1,1,B13_6
B13_6_1_A,-6.2657735,A,35,1,1,B13_6
B13_6_5_M,-4.30780046,M,39,1,1,B13_6
B13_6_1_M,-6.27525039,M,35,1,1,B13_6
B13_6_4_M,-4.92756021,M,38,1,1,B13_6
B13_7_5_A,-5.99045299,A,39,1,0,B13_7
B13_7_5_M,-5.53775046,M,39,1,0,B13_7
B13_7_4_O,-7.64837489,O,38,1,0,B13_7
B13_7_4_M,-5.48199432,M,38,1,0,B13_7
B13_7_1_A,-5.09104767,A,35,1,0,B13_7
B13_7_1_M,-4.34286834,M,35,1,0,B13_7
B14_10_2_A,-6.71345497,A,39,1,0,B14_10
B14_10_1_A,-4.97153655,A,38,1,0,B14_10
B14_10_1_O,-9.18470689,O,38,1,0,B14_10
B14_10_3_M,-4.49009151,M,40,1,0,B14_10
B14_16_1_O,-8.78719151,O,38,0,0,B14_16
B14_16_3_M,-4.14209777,M,40,0,0,B14_16
B14_16_3_A,-5.47310497,A,40,0,0,B14_16
B14_16_2_O,-8.07414944,O,39,0,0,B14_16
B14_16_1_A,-3.90841661,A,38,0,0,B14_16
B14_16_2_M,-3.69661432,M,39,0,0,B14_16
B14_17_3_A,-5.69775688,A,40,0,0,B14_17
B14_17_2_O,-8.18061432,O,39,0,0,B14_17
B14_17_1_A,-4.02501661,A,38,0,0,B14_17
B14_17_1_O,-10.2261228,O,38,0,0,B14_17
B14_17_2_M,-5.4468882,M,39,0,0,B14_17
B14_17_3_M,-4.97274151,M,40,0,0,B14_17
B14_20_1_A,-6.87008655,A,38,0,0,B14_20
B14_20_2_O,-7.1925753,O,39,0,0,B14_20
B14_20_2_M,-6.5540882,M,39,0,0,B14_20
B14_20_3_M,-5.89515497,M,40,0,0,B14_20
B14_20_1_O,-8.28020689,O,38,0,0,B14_20
B14_20_3_A,-8.75070688,A,40,0,0,B14_20
B14_22_2_O,-8.26354944,O,39,1,0,B14_22
B14_22_1_O,-6.3903728,O,38,1,0,B14_22
B14_22_2_M,-5.32481432,M,39,1,0,B14_22
B14_22_1_A,-5.03721661,A,38,1,0,B14_22
B14_23_3_A,-7.61675688,A,40,0,0,B14_23
B14_23_1_A,-5.22741661,A,38,0,0,B14_23
B14_23_2_M,-4.22201432,M,39,0,0,B14_23
B14_23_1_O,-7.89900689,O,38,0,0,B14_23
B14_23_2_O,-9.7373253,O,39,0,0,B14_23
B14_23_3_M,-5.82960497,M,40,0,0,B14_23
B14_24_1_O,-8.0067228,O,38,1,0,B14_24
B14_24_2_O,-9.57991432,O,39,1,0,B14_24
B14_24_2_M,-5.53285377,M,39,1,0,B14_24
B14_24_3_A,-6.48150688,A,40,1,0,B14_24
B14_24_1_A,-6.15898655,A,38,1,0,B14_24
B14_24_3_M,-5.21689151,M,40,1,0,B14_24
B14_3_3_M,-6.17684151,M,40,1,0,B14_3
B14_3_2_O,-6.63316432,O,39,1,0,B14_3
B14_3_2_M,-4.6304882,M,39,1,0,B14_3
B14_3_1_O,-8.4402728,O,38,1,0,B14_3
B14_3_3_A,-6.29195497,A,40,1,0,B14_3
B14_3_1_A,-6.02478655,A,38,1,0,B14_3
B14_5_2_O,-9.6841253,O,39,0,0,B14_5
B14_5_3_M,-4.82324777,M,40,0,0,B14_5
B14_5_1_O,-8.36114151,O,38,0,0,B14_5
B14_5_1_A,-4.6496382,A,38,0,0,B14_5
B14_5_3_A,-4.11650688,A,40,0,0,B14_5
B14_9_3_A,-6.09525688,A,40,1,0,B14_9
B14_9_1_O,-8.87390689,O,38,1,0,B14_9
B14_9_2_M,-5.1603382,M,39,1,0,B14_9
B14_9_2_O,-8.2314253,O,39,1,0,B14_9
B14_9_1_A,-4.95106661,A,38,1,0,B14_9
B14_9_3_M,-5.08229777,M,40,1,0,B14_9
B3_1_5_M,-7.43743335,M,9,1,0,B3_1
B3_1_3_O,-8.79736314,O,7,1,0,B3_1
B3_1_4_O,-8.79259382,O,8,1,0,B3_1
B3_1_5_A,-5.5775773,A,9,1,0,B3_1
B3_1_4_M,-6.72575502,M,8,1,0,B3_1
B3_1_3_A,-5.86982167,A,7,1,0,B3_1
B3_11_5_M,-7.07879847,M,9,1,1,B3_11
B3_11_4_M,-7.05374382,M,8,1,1,B3_11
B3_11_3_O,-7.39306314,O,7,1,1,B3_11
B3_11_4_O,-6.87395564,O,8,1,1,B3_11
B3_11_5_A,-5.4013773,A,9,1,1,B3_11
B3_11_3_A,-4.60082167,A,7,1,1,B3_11
B3_13_4_O,-6.26125564,O,8,0,0,B3_13
B3_13_3_A,-3.60207167,A,7,0,0,B3_13
B3_13_3_O,-6.80941314,O,7,0,0,B3_13
B3_13_4_M,-5.81274382,M,8,0,0,B3_13
B3_17_3_O,-6.79231314,O,7,1,0,B3_17
B3_17_5_A,-4.3716773,A,9,1,0,B3_17
B3_17_5_M,-5.60693335,M,9,1,0,B3_17
B3_17_4_M,-5.79576314,M,8,1,0,B3_17
B3_17_4_O,-7.50611697,O,8,1,0,B3_17
B3_17_3_A,-2.47242184,A,7,1,0,B3_17
B3_18_4_M,-5.30075502,M,8,1,0,B3_18
B3_18_5_M,-6.04423335,M,9,1,0,B3_18
B3_18_3_A,-4.02117167,A,7,1,0,B3_18
B3_18_3_O,-6.29461314,O,7,1,0,B3_18
B3_18_4_O,-7.17803335,O,8,1,0,B3_18
B3_2_5_M,-6.23996683,M,9,0,0,B3_2
B3_2_3_A,-4.35512167,A,7,0,0,B3_2
B3_2_3_O,-7.19061314,O,7,0,0,B3_2
B3_2_4_M,-6.08821314,M,8,0,0,B3_2
B3_2_4_O,-7.84991697,O,8,0,0,B3_2
B3_2_5_A,-4.5714773,A,9,0,0,B3_2
B3_23_3_A,-5.50062167,A,7,1,0,B3_23
B3_23_4_M,-6.24226314,M,8,1,0,B3_23
B3_23_3_O,-6.15665502,O,7,1,0,B3_23
B3_23_5_A,-4.35444151,A,9,1,0,B3_23
B3_23_5_M,-7.11919847,M,9,1,0,B3_23
B3_23_4_O,-5.92405564,O,8,1,0,B3_23
B3_25_4_O,-5.38306697,O,8,1,0,B3_25
B3_25_3_O,-5.98931314,O,7,1,0,B3_25
B3_25_5_M,-6.01746683,M,9,1,0,B3_25
B3_25_5_A,-3.79674151,A,9,1,0,B3_25
B3_25_4_M,-7.24215502,M,8,1,0,B3_25
B3_25_3_A,-3.66682167,A,7,1,0,B3_25
B3_3_5_A,-5.2786773,A,9,1,0,B3_3
B3_3_5_M,-8.03044847,M,9,1,0,B3_3
B3_3_3_O,-6.80066314,O,7,1,0,B3_3
B3_3_4_O,-5.11106697,O,8,1,0,B3_3
B3_3_4_M,-8.02615502,M,8,1,0,B3_3
B3_3_3_A,-5.89627184,A,7,1,0,B3_3
B3_4_3_O,-8.03502167,O,7,4,0,B3_4
B3_4_4_M,-7.60140502,M,8,4,0,B3_4
B3_4_5_A,-5.85354151,A,9,4,0,B3_4
B3_4_3_A,-4.78922184,A,7,4,0,B3_4
B3_4_4_O,-7.77610564,O,8,4,0,B3_4
B3_4_5_M,-7.76348335,M,9,4,0,B3_4
B4_11_1_A,-6.20879175,A,10,1,0,B4_11
B4_11_3_M,-7.7027228,M,12,1,0,B4_11
B4_11_1_O,-8.32096212,O,10,1,0,B4_11
B4_11_3_A,-5.674923,A,12,1,0,B4_11
B4_11_2_O,-7.83828913,O,11,1,0,B4_11
B4_11_2_M,-5.63424579,M,11,1,0,B4_11
B4_12_2_O,-9.50794876,O,11,2,0,B4_12
B4_12_3_A,-3.59869295,A,12,2,0,B4_12
B4_12_2_M,-5.48134579,M,11,2,0,B4_12
B4_12_3_M,-7.8137728,M,12,2,0,B4_12
B4_12_1_O,-8.23146212,O,10,2,0,B4_12
B4_12_1_A,-6.34647421,A,10,2,0,B4_12
B4_14_1_A,-5.76322421,A,10,1,0,B4_14
B4_14_3_A,-5.253573,A,12,1,0,B4_14
B4_14_1_O,-9.18360346,O,10,1,0,B4_14
B4_14_2_O,-7.94183913,O,11,1,0,B4_14
B4_14_3_M,-5.30470731,M,12,1,0,B4_14
B4_14_2_M,-5.34761453,M,11,1,0,B4_14
B4_16_1_A,-5.64030341,A,10,1,0,B4_16
B4_16_1_O,-9.37655346,O,10,1,0,B4_16
B4_16_2_O,-7.25879876,O,11,1,0,B4_16
B4_16_2_M,-3.85587772,M,11,1,0,B4_16
B4_16_3_M,-4.02591346,M,12,1,0,B4_16
B4_16_3_A,-4.80901346,A,12,1,0,B4_16
B4_20_3_M,-4.10006346,M,12,0,1,B4_20
B4_20_2_M,-5.42731453,M,11,0,1,B4_20
B4_20_2_O,-8.10428913,O,11,0,1,B4_20
B4_20_1_O,-9.20231212,O,10,0,1,B4_20
B4_20_3_A,-4.56710878,A,12,0,1,B4_20
B4_20_1_A,-5.35087421,A,10,0,1,B4_20
B4_5_1_O,-8.78444579,O,10,0,0,B4_5
B4_5_1_A,-7.00609175,A,10,0,0,B4_5
B4_5_3_M,-6.42804295,M,12,0,0,B4_5
B4_5_2_O,-6.65243913,O,11,0,0,B4_5
B4_5_3_A,-5.78881346,A,12,0,0,B4_5
B4_5_2_M,-6.41471453,M,11,0,0,B4_5
B4_6_3_M,-5.51600731,M,12,2,0,B4_6
B4_6_3_A,-4.623623,A,12,2,0,B4_6
B4_6_1_O,-7.91340341,O,10,2,0,B4_6
B4_6_2_M,-5.95515731,M,11,2,0,B4_6
B4_6_2_O,-6.58134876,O,11,2,0,B4_6
B4_6_1_A,-4.96257421,A,10,2,0,B4_6
B4_7_2_M,-5.20687772,M,11,0,0,B4_7
B4_7_3_A,-5.943673,A,12,0,0,B4_7
B4_7_2_O,-8.03664579,O,11,0,0,B4_7
B4_7_3_M,-5.8953728,M,12,0,0,B4_7
B4_7_1_A,-6.84340341,A,10,0,0,B4_7
B4_7_1_O,-9.28950346,O,10,0,0,B4_7
B4_8_2_M,-7.15147772,M,11,1,0,B4_8
B4_8_1_A,-5.58459175,A,10,1,0,B4_8
B4_8_3_A,-6.01670878,A,12,1,0,B4_8
B4_8_2_O,-7.73519876,O,11,1,0,B4_8
B4_8_1_O,-8.13540346,O,10,1,0,B4_8
B4_8_3_M,-6.21089295,M,12,1,0,B4_8
B5_10_1_A,-5.47607881,A,11,2,0,B5_10
B5_10_3_M,-6.66621632,M,13,2,0,B5_10
B5_10_3_A,-4.5627253,A,13,2,0,B5_10
B5_10_1_O,-9.23733843,O,11,2,0,B5_10
B5_10_2_M,-6.38640894,M,12,2,0,B5_10
B5_10_2_O,-8.90546632,O,12,2,0,B5_10
B5_12_1_O,-7.26146103,O,11,1,0,B5_12
B5_12_2_O,-7.79754001,O,12,1,0,B5_12
B5_12_3_A,-4.72455851,A,13,1,0,B5_12
B5_12_2_M,-4.8250127,M,12,1,0,B5_12
B5_12_3_M,-6.79267481,M,13,1,0,B5_12
B5_12_1_A,-6.15917881,A,11,1,0,B5_12
B5_13_1_O,-8.37272387,O,11,0,0,B5_13
B5_13_3_M,-3.79052481,M,13,0,0,B5_13
B5_13_2_O,-8.62534001,O,12,0,0,B5_13
B5_13_2_M,-3.70847176,M,12,0,0,B5_13
B5_13_1_A,-6.61746103,A,11,0,0,B5_13
B5_13_3_A,-4.3609253,A,13,0,0,B5_13
B5_15_3_M,-4.20238482,M,13,0,0,B5_15
B5_15_1_A,-5.54052582,A,11,0,0,B5_15
B5_15_2_O,-9.51689001,O,12,0,0,B5_15
B5_15_3_A,-3.3159253,A,13,0,0,B5_15
B5_15_1_O,-7.76078843,O,11,0,0,B5_15
B5_15_2_M,-3.84377176,M,12,0,0,B5_15
B5_18_2_M,-5.4623127,M,12,1,0,B5_18
B5_18_1_O,-8.72193843,O,11,1,0,B5_18
B5_18_3_M,-6.60772481,M,13,1,0,B5_18
B5_18_1_A,-6.07682582,A,11,1,0,B5_18
B5_18_3_A,-4.7246253,A,13,1,0,B5_18
B5_18_2_O,-7.84191632,O,12,1,0,B5_18
B5_2_5_M,-7.08600682,M,15,1,0,B5_2
B5_2_2_O,-9.88730496,O,12,1,0,B5_2
B5_2_1_A,-5.83512176,A,11,1,0,B5_2
B5_2_3_A,-4.43025851,A,13,1,0,B5_2
B5_2_2_M,-6.3875627,M,12,1,0,B5_2
B5_2_4_O,-7.84687025,O,14,1,0,B5_2
B5_2_5_O,-7.86707025,O,15,1,0,B5_2
B5_2_3_M,-8.04627481,M,13,1,0,B5_2
B5_2_1_O,-8.76071103,O,11,1,0,B5_2
B5_2_4_A,-4.6273057,A,14,1,0,B5_2
B5_3_5_M,-8.30290682,M,15,4,0,B5_3
B5_3_4_O,-8.78157025,O,14,4,0,B5_3
B5_3_2_M,-5.61317176,M,12,4,0,B5_3
B5_3_3_M,-6.67858482,M,13,4,0,B5_3
B5_3_1_O,-8.70557387,O,11,4,0,B5_3
B5_3_4_A,-5.5483557,A,14,4,0,B5_3
B5_3_2_O,-8.35815496,O,12,4,0,B5_3
B5_3_3_A,-5.28360851,A,13,4,0,B5_3
B5_3_5_O,-7.82252025,O,15,4,0,B5_3
B5_5_2_O,-7.93445496,O,12,3,0,B5_5
B5_5_3_A,-4.77691184,A,13,3,0,B5_5
B5_5_1_O,-8.24011103,O,11,3,0,B5_5
B5_5_2_M,-4.90895894,M,12,3,0,B5_5
B5_5_4_A,-5.7017557,A,14,3,0,B5_5
B5_5_4_O,-5.69347025,O,14,3,0,B5_5
B5_5_3_M,-5.83237481,M,13,3,0,B5_5
B5_5_1_A,-5.73682881,A,11,3,0,B5_5
B5_5_5_M,-6.97933367,M,15,3,0,B5_5
B5_5_5_O,-7.58182025,O,15,3,0,B5_5
B5_6_1_A,-6.55732582,A,11,1,0,B5_6
B5_6_4_O,-7.16297025,O,14,1,0,B5_6
B5_6_4_A,-4.6425557,A,14,1,0,B5_6
B5_6_5_O,-7.76897025,O,15,1,0,B5_6
B5_6_2_O,-7.50501632,O,12,1,0,B5_6
B5_6_3_M,-6.27038482,M,13,1,0,B5_6
B5_6_3_A,-4.1890253,A,13,1,0,B5_6
B5_6_1_O,-7.20567387,O,11,1,0,B5_6
B5_6_2_M,-5.78602176,M,12,1,0,B5_6
B5_8_1_O,-8.38911103,O,11,0,0,B5_8
B5_8_3_A,-4.51022481,A,13,0,0,B5_8
B5_8_2_O,-8.38575496,O,12,0,0,B5_8
B5_8_5_O,-8.47092025,O,15,0,0,B5_8
B5_8_4_O,-9.38387025,O,14,0,0,B5_8
B5_8_2_M,-4.6300627,M,12,0,0,B5_8
B5_8_4_A,-4.26720407,A,14,0,0,B5_8
B5_8_3_M,-5.89933482,M,13,0,0,B5_8
B5_8_1_A,-4.70387881,A,11,0,0,B5_8
B5_8_5_M,-5.77643367,M,15,0,0,B5_8
B6_11_5_M,-6.8506998,M,18,0,0,B6_11
B6_11_5_A,-5.65200335,A,18,0,0,B6_11
B6_11_1_A,-5.53910407,A,14,0,0,B6_11
B6_11_1_O,-10.29926661,O,14,0,0,B6_11
B6_11_2_M,-8.46933367,M,15,0,0,B6_11
B6_11_2_O,-8.66982878,O,15,0,0,B6_11
B6_12_5_A,-7.51905335,A,18,0,0,B6_12
B6_12_2_M,-7.69189316,M,15,0,0,B6_12
B6_12_1_O,-9.62966661,O,14,0,0,B6_12
B6_12_5_M,-5.78206586,M,18,0,0,B6_12
B6_12_1_A,-5.02871184,A,14,0,0,B6_12
B6_12_2_O,-9.04614316,O,15,0,0,B6_12
B6_14_5_M,-5.7027498,M,18,0,0,B6_14
B6_14_1_A,-4.60440407,A,14,0,0,B6_14
B6_14_1_O,-8.07911661,O,14,0,0,B6_14
B6_14_2_O,-7.67334316,O,15,0,0,B6_14
B6_14_2_M,-7.75795341,M,15,0,0,B6_14
B6_14_5_A,-5.40050341,A,18,0,0,B6_14
B6_15_2_O,-7.05604316,O,15,1,0,B6_15
B6_15_5_M,-3.66831691,M,18,1,0,B6_15
B6_15_2_M,-5.32803367,M,15,1,0,B6_15
B6_15_1_A,-4.81807693,A,14,1,0,B6_15
B6_15_1_O,-9.08966661,O,14,1,0,B6_15
B6_15_5_A,-5.50416586,A,18,1,0,B6_15
B6_16_1_A,-4.27751184,A,14,2,0,B6_16
B6_16_2_O,-7.65237878,O,15,2,0,B6_16
B6_16_2_M,-7.35805341,M,15,2,0,B6_16
B6_16_5_A,-5.66388025,A,18,2,0,B6_16
B6_16_1_O,-6.93851098,O,14,2,0,B6_16
B6_16_5_M,-7.21546586,M,18,2,0,B6_16
B6_19_2_O,-8.19612878,O,15,1,0,B6_19
B6_19_5_A,-5.88836586,A,18,1,0,B6_19
B6_19_1_O,-8.4510057,O,14,1,0,B6_19
B6_19_1_A,-4.30855407,A,14,1,0,B6_19
B6_19_5_M,-6.06036691,M,18,1,0,B6_19
B6_19_2_M,-7.17293367,M,15,1,0,B6_19
B6_20_2_O,-8.89077878,O,15,1,0,B6_20
B6_20_2_M,-8.70228367,M,15,1,0,B6_20
B6_20_1_O,-8.5878057,O,14,1,0,B6_20
B6_20_1_A,-5.06090407,A,14,1,0,B6_20
B6_20_5_M,-4.48811691,M,18,1,0,B6_20
B6_20_5_A,-5.10670335,A,18,1,0,B6_20
B6_4_5_M,-5.65941691,M,18,1,0,B6_4
B6_4_2_M,-7.40950341,M,15,1,0,B6_4
B6_4_1_A,-3.74370407,A,14,1,0,B6_4
B6_4_2_O,-6.97977878,O,15,1,0,B6_4
B6_4_5_A,-5.07938025,A,18,1,0,B6_4
B6_4_1_O,-7.48021098,O,14,1,0,B6_4
B6_7_1_O,-6.9396057,O,14,0,0,B6_7
B6_7_1_A,-4.75037693,A,14,0,0,B6_7
B6_7_2_O,-8.90889316,O,15,0,0,B6_7
B6_7_2_M,-6.05055682,M,15,0,0,B6_7
B6_7_5_A,-4.55580335,A,18,0,0,B6_7
B6_7_5_M,-5.2858998,M,18,0,0,B6_7
B6_9_1_A,-4.80900407,A,14,1,0,B6_9
B6_9_2_O,-7.77044316,O,15,1,0,B6_9
B6_9_5_A,-5.29938025,A,18,1,0,B6_9
B6_9_1_O,-6.3904057,O,14,1,0,B6_9
B6_9_5_M,-3.31206586,M,18,1,0,B6_9
B6_9_2_M,-7.81095341,M,15,1,0,B6_9
B7_10_1_A,-8.2913127,A,17,1,0,B7_10
B7_10_2_M,-6.33757805,M,18,1,0,B7_10
B7_10_1_O,-6.02807482,O,17,1,0,B7_10
B7_10_2_O,-7.78075507,O,18,1,0,B7_10
B7_13_1_A,-6.54029006,A,17,0,1,B7_13
B7_13_1_O,-5.05792482,O,17,0,1,B7_13
B7_13_2_O,-8.58426957,O,18,0,1,B7_13
B7_13_2_M,-5.25983561,M,18,0,1,B7_13
B7_16_1_O,-5.80504123,O,17,0,0,B7_16
B7_16_1_A,-6.91439006,A,17,0,0,B7_16
B7_16_2_M,-6.01128561,M,18,0,0,B7_16
B7_19_1_O,-6.38334123,O,17,0,0,B7_19
B7_19_2_M,-5.44012805,M,18,0,0,B7_19
B7_19_2_O,-8.11351957,O,18,0,0,B7_19
B7_19_1_A,-8.1266627,A,17,0,0,B7_19
B7_22_1_O,-5.63679123,O,17,1,0,B7_22
B7_22_1_A,-6.9944627,A,17,1,0,B7_22
B7_22_2_O,-7.1407524,O,18,1,0,B7_22
B7_22_2_M,-6.0822524,M,18,1,0,B7_22
B7_3_2_M,-5.28303561,M,18,1,0,B7_3
B7_3_1_A,-5.64464006,A,17,1,0,B7_3
B7_3_2_O,-8.05835507,O,18,1,0,B7_3
B7_3_1_O,-8.35522431,O,17,1,0,B7_3
B7_6_2_O,-6.95831957,O,18,0,0,B7_6
B7_6_1_O,-7.68772431,O,17,0,0,B7_6
B7_6_1_A,-7.3078127,A,17,0,0,B7_6
B7_6_2_M,-6.28357805,M,18,0,0,B7_6
B7_7_1_A,-6.33517431,A,17,0,0,B7_7
B7_7_2_O,-8.30295507,O,18,0,0,B7_7
B7_7_2_M,-4.81347805,M,18,0,0,B7_7
B7_7_1_O,-7.18332482,O,17,0,0,B7_7
B8_1_4_O,-6.17290735,O,23,0,0,B8_1
B8_1_4_M,-6.81193561,M,23,0,0,B8_1
B8_1_5_M,-6.43971992,M,24,0,0,B8_1
B8_1_5_A,-6.37236851,A,24,0,0,B8_1
B8_10_5_M,-6.13496992,M,24,0,0,B8_10
B8_10_4_O,-7.93315735,O,23,0,0,B8_10
B8_10_5_A,-5.58024939,A,24,0,0,B8_10
B8_10_4_M,-6.08627137,M,23,0,0,B8_10
B8_11_4_O,-6.62520735,O,23,2,1,B8_11
B8_11_4_M,-8.02292137,M,23,2,1,B8_11
B8_11_5_M,-9.05904527,M,24,2,1,B8_11
B8_11_5_A,-4.42434939,A,24,2,1,B8_11
B8_2_4_O,-5.98330735,O,23,1,0,B8_2
B8_2_4_M,-5.59397137,M,23,1,0,B8_2
B8_2_5_A,-5.39826851,A,24,1,0,B8_2
B8_2_5_M,-5.99651992,M,24,1,0,B8_2
B8_4_4_O,-7.70325735,O,23,0,0,B8_4
B8_4_4_M,-5.87848561,M,23,0,0,B8_4
B8_4_5_M,-5.64371992,M,24,0,0,B8_4
B8_4_5_A,-5.38019939,A,24,0,0,B8_4
B8_5_5_A,-5.58626851,A,24,1,0,B8_5
B8_5_4_M,-6.96422137,M,23,1,0,B8_5
B8_5_5_M,-6.33172266,M,24,1,0,B8_5
B8_5_4_O,-6.16115735,O,23,1,0,B8_5
B8_6_4_O,-8.08539939,O,23,1,0,B8_6
B8_6_5_M,-5.47207266,M,24,1,0,B8_6
B8_6_4_M,-7.21302137,M,23,1,0,B8_6
B8_6_5_A,-4.20854558,A,24,1,0,B8_6
B8_7_5_M,-5.05901992,M,24,1,0,B8_7
B8_7_4_O,-7.26189939,O,23,1,0,B8_7
B8_7_5_A,-4.35679939,A,24,1,0,B8_7
B8_7_4_M,-4.74922137,M,23,1,0,B8_7
B8_8_4_M,-4.91202137,M,23,0,0,B8_8
B8_8_5_M,-5.69239527,M,24,0,0,B8_8
B8_8_4_O,-7.80660735,O,23,0,0,B8_8
B8_8_5_A,-4.92931851,A,24,0,0,B8_8
B8_9_4_M,-6.52157137,M,23,1,0,B8_9
B8_9_4_O,-7.43310735,O,23,1,0,B8_9
B8_9_5_M,-5.21906851,M,24,1,0,B8_9
B8_9_5_A,-5.56409558,A,24,1,0,B8_9
B9_11_2_O,-6.33260208,O,24,1,0,B9_11
B9_11_3_A,-4.57346489,A,25,1,0,B9_11
B9_11_1_O,-5.43977266,O,23,1,0,B9_11
B9_11_1_A,-5.30062375,A,23,1,0,B9_11
B9_11_2_M,-5.99955712,M,24,1,0,B9_11
B9_11_3_M,-7.76470689,M,25,1,0,B9_11
B9_12_1_O,-8.32265333,O,23,2,0,B9_12
B9_12_1_A,-5.55572375,A,23,2,0,B9_12
B9_12_3_A,-5.01824988,A,25,2,0,B9_12
B9_12_2_M,-5.93812759,M,24,2,0,B9_12
B9_12_2_O,-10.36804043,O,24,2,0,B9_12
B9_12_3_M,-7.70040689,M,25,2,0,B9_12
B9_18_2_M,-6.11152759,M,24,0,0,B9_18
B9_18_3_A,-4.35654988,A,25,0,0,B9_18
B9_18_1_A,-5.34902375,A,23,0,0,B9_18
B9_18_1_O,-6.79305333,O,23,0,0,B9_18
B9_18_3_M,-7.57605441,M,25,0,0,B9_18
B9_20_1_O,-7.47503732,O,23,0,0,B9_20
B9_20_3_M,-5.90701489,M,25,0,0,B9_20
B9_20_3_A,-5.52686908,A,25,0,0,B9_20
B9_20_2_M,-5.04300441,M,24,0,0,B9_20
B9_20_2_O,-7.04120208,O,24,0,0,B9_20
B9_20_1_A,-6.40507375,A,23,0,0,B9_20
B9_23_1_A,-5.75566034,A,23,0,0,B9_23
B9_23_2_O,-7.50653775,O,24,0,0,B9_23
B9_23_1_O,-6.34548732,O,23,0,0,B9_23
B9_23_3_A,-4.85755274,A,25,0,0,B9_23
B9_23_2_M,-3.95770712,M,24,0,0,B9_23
B9_6_1_A,-5.10232375,A,23,1,0,B9_6
B9_6_2_M,-7.98600712,M,24,1,0,B9_6
B9_6_2_O,-6.58898775,O,24,1,0,B9_6
B9_6_3_A,-4.35039988,A,25,1,0,B9_6
B9_6_3_M,-7.70535689,M,25,1,0,B9_6
B9_6_1_O,-6.17105333,O,23,1,0,B9_6
B9_7_2_M,-7.34150712,M,24,1,0,B9_7
B9_7_1_A,-5.68118732,A,23,1,0,B9_7
B9_7_1_O,-5.79697266,O,23,1,0,B9_7
B9_7_3_A,-7.38264988,A,25,1,0,B9_7
B9_7_3_M,-8.22305689,M,25,1,0,B9_7
B9_7_2_O,-5.46243775,O,24,1,0,B9_7
B9_8_3_A,-5.38541489,A,25,0,1,B9_8
B9_8_1_A,-5.34091034,A,23,0,1,B9_8
B9_8_1_O,-5.00587266,O,23,0,1,B9_8
B9_8_2_M,-3.86572759,M,24,0,1,B9_8
B9_8_3_M,-5.95540689,M,25,0,1,B9_8
B9_8_2_O,-6.43470208,O,24,0,1,B9_8
